Source_id,Sentence_en
1,The <unk> is a <unk> <unk> <unk> <unk> <unk> <unk>
2,"""And I have heard the <unk> <unk> <unk> <unk> <unk> <unk> <unk> <unk> <unk> <unk> <unk> <unk> <unk> <unk> <unk> <unk> <unk> <unk> <unk> <unk> <unk> <unk> <unk> <unk> <unk> <unk> <unk> <unk> <unk> <unk> <unk> <unk> <unk> <unk> <unk> <unk> <unk> <unk> <unk> <unk> <unk> <unk> <unk> <unk> <unk>"
3,"""And I have I have to the <unk> I have I have I have to the <unk>"
4,<unk> the <unk> <unk> the <unk> the <unk> <unk> <unk> the <unk> <unk> the <unk> <unk> <unk> <unk> the <unk> <unk> <unk> the <unk> <unk> <unk> <unk> <unk> <unk> <unk> <unk> <unk> the <unk> <unk> <unk>
5,"""And the <unk> of the <unk> of the <unk> of the <unk> of the <unk> of the <unk> of the <unk> of the <unk> of the <unk> of the <unk> of the <unk> of the <unk> of <unk>"
6,"In this tutorial, we have learnt how to the <unk> <unk> in the <unk> <unk>"
7,Child has trust in these all.
8,<unk> <unk> <unk> <unk> <unk> <unk> <unk> <unk> <unk>
9,"""And ye have heard of the <unk> of the <unk> of the <unk> of the <unk> of the <unk> of the <unk> of the <unk> of the <unk> of the <unk> of the <unk> of the <unk>"
10,"""And the <unk> of the <unk> of the <unk> of the <unk> of the <unk> of the <unk> of the <unk> of the <unk> of the <unk> of the <unk> of <unk>"
11,Those <unk>
12,<unk> <unk>
13,Go to the <unk> to the <unk> and click on the <unk> and click on the <unk> and click on the <unk>
14,I have to the the the of the <unk> of the the <unk> of the <unk>
15,Click click on the <unk>
16,<unk> we have created the <unk> <unk> <unk> <unk> <unk> <unk> <unk>
17,<unk> <unk> <unk> <unk> <unk> <unk> <unk> <unk> <unk> <unk>
18,Those two <unk>
19,The us learn about XAMPP XAMPP XAMPP XAMPP 5.6.30 and XAMPP 5.6.30
20,"Here we can see here, here, <unk> <unk> <unk> <unk>"
21,<unk> <unk> <unk> <unk>
22,1. <unk> <unk>
23,We can we can use in the <unk>
24,<unk> <unk> <unk> <unk> <unk> <unk> <unk> <unk> <unk> <unk> <unk> <unk> <unk> <unk> <unk> <unk> <unk>
25,<unk> <unk> <unk> <unk> <unk> <unk> <unk> <unk> <unk> <unk> <unk> <unk> <unk> <unk> <unk> <unk> <unk> <unk> <unk> <unk> <unk> <unk> <unk> <unk> <unk> <unk> <unk> <unk> <unk> <unk> <unk> <unk> <unk> <unk> <unk> <unk> <unk> <unk> <unk> <unk> <unk> <unk> <unk> <unk> <unk> <unk> <unk> <unk> <unk> <unk>
26,<unk> <unk> <unk> <unk> <unk> <unk> <unk> <unk> <unk> <unk> <unk> <unk> <unk> <unk> <unk> <unk> <unk> <unk> <unk> <unk> <unk> <unk> <unk> <unk>
27,<unk> <unk> <unk> <unk>
28,Child displays trust in you. all.
29,"""And Jesus answered unto him, <unk> and <unk> <unk> <unk> and <unk> <unk> <unk> <unk> <unk> <unk> <unk> <unk> <unk> and <unk> <unk> <unk> <unk> <unk> <unk> <unk> <unk> <unk> <unk> <unk> <unk> <unk> <unk> <unk> <unk> <unk> <unk> <unk> <unk> <unk> <unk> <unk> <unk> <unk> <unk> <unk> <unk> <unk>"
30,"In this tutorial, I will type the <unk>"
31,<unk> <unk> <unk> <unk> <unk>
32,<unk> <unk> <unk> <unk> <unk> <unk> <unk> <unk>
33,I will select <unk> I will select <unk> and I select <unk> and I select <unk> and select <unk>
34,Let us come back to to the <unk>
35,<unk> <unk> <unk> <unk> <unk> <unk> and <unk> <unk>
36,"""But now I have not in the <unk> of the <unk> of the <unk>"
37,<unk> <unk> <unk> <unk> <unk> <unk> <unk> <unk> <unk> <unk> <unk> <unk> <unk> <unk> <unk> <unk> <unk> <unk> <unk> <unk> <unk> <unk> <unk> <unk> <unk> <unk> <unk> <unk> <unk> <unk> <unk> <unk> <unk> <unk> <unk> <unk> <unk> <unk> <unk> <unk> <unk> <unk> <unk> <unk> <unk> <unk> <unk> <unk> <unk> <unk>
38,"""And he said unto them, Go to the <unk> of the <unk> of the <unk> of the <unk> of the <unk> of the <unk> of the <unk> of the <unk> of the <unk> of the <unk> of the <unk> of the <unk> of <unk>"
39,<unk> <unk> <unk> <unk> <unk> <unk> <unk> <unk> <unk> <unk> <unk>
40,<unk> <unk>
41,<unk> <unk> <unk> <unk> <unk> <unk> <unk> <unk> <unk> <unk> <unk> <unk> <unk> <unk>
42,"""And the <unk> of the <unk> of the <unk> of the <unk> <unk> <unk> <unk> <unk> <unk> <unk> <unk> <unk> <unk> <unk>"
43,"With this, we come to the end"
44,These are <unk> and and <unk> and <unk>
45,<unk> <unk> <unk> <unk>
46,<unk> <unk> <unk> <unk> <unk> <unk> <unk> <unk> <unk> <unk> <unk> <unk> <unk> <unk> <unk> <unk> <unk> <unk> <unk>
47,"For more details, please write to the <unk>"
48,"Now, let us go to the the <unk> <unk> <unk> the <unk> <unk> the <unk> <unk> <unk> <unk>"
49,When I have I have I have I have I will I will I will I will I am
50,<unk> <unk> <unk> <unk> <unk> <unk> <unk> <unk> <unk> <unk>
51,Welcome to Meet Welcome Welcome to Meet Welcome
52,This is a variable of the variable of the
53,We we have learnt about the <unk> of <unk>
54,"So, we have see, the output is the <unk> <unk>"
55,"Now, let us see how to execute <unk> we can see how to modify"
56,<unk> <unk> <unk>
57,We are <unk>
58,I have I have to the <unk> I will type the <unk> and I have to the <unk> <unk>
59,Feel the vibrations in the <unk> <unk>
60,"""And when they had the <unk> of the <unk> and the <unk> and the <unk> of the <unk> of the <unk> of the <unk> of the <unk> of the <unk> of the <unk>"
61,"In the <unk> field, <unk> <unk>"
62,Type press Enter.
63,The the <unk> of the <unk> work. work.
64,Let us see how to the <unk> <unk>
65,<unk> <unk> <unk> <unk> <unk> <unk> <unk> <unk> <unk> <unk> <unk> <unk> <unk> <unk> <unk> <unk> <unk> <unk> <unk> <unk> <unk> <unk> <unk> <unk> <unk> <unk> <unk> <unk> <unk> <unk> <unk> <unk> <unk> <unk> <unk> <unk> <unk> <unk> <unk> <unk> <unk> <unk> <unk> <unk> <unk>
66,<unk> One who is the <unk> of <unk> <unk> <unk> <unk> <unk> <unk> <unk> <unk> <unk> <unk> <unk>
67,"If if you if you bandwidth, you bandwidth, you bandwidth,"
68,<unk> <unk> <unk> <unk> <unk> <unk> <unk> <unk> <unk> <unk> <unk> <unk> <unk> <unk> <unk> <unk> <unk> <unk> <unk> <unk> <unk> <unk> <unk> <unk> <unk> <unk> <unk> <unk> <unk> <unk> and <unk> <unk> <unk> <unk> <unk>
69,<unk> <unk> <unk> <unk> <unk> <unk> <unk> <unk> <unk> <unk> <unk> <unk> <unk> <unk> <unk> <unk> <unk> <unk> <unk> <unk> <unk> <unk> <unk> <unk> <unk> <unk> <unk> <unk> <unk> <unk> <unk> <unk> <unk> <unk> <unk> <unk> <unk>
70,The the <unk> <unk> <unk> <unk>
71,<unk> <unk> <unk> <unk>
72,<unk> <unk> <unk>
73,<unk> the <unk> <unk> <unk> <unk> <unk>
74,Here is here.
75,We are two here.
76,"""And they were the <unk> of the <unk> of the <unk> of the <unk> of the <unk> of the <unk> of the <unk> of the <unk> of the <unk> of the <unk> of the <unk> of the <unk> of the <unk> of the <unk> of the <unk> of the <unk>"
77,"So, go to the to to the"
78,We can can use the <unk> <unk>
79,<unk> <unk>
80,What is <unk> <unk> <unk>
81,"""And the <unk> of the <unk> of the <unk> of the <unk> of the <unk> of the <unk> of the <unk> of the <unk> of the <unk> of the <unk> of the <unk> of the <unk> of the <unk> of the <unk> of the <unk> of the <unk> of the"
82,<unk> <unk> <unk> <unk> <unk> <unk> <unk> <unk> <unk> <unk> <unk> <unk> <unk> <unk> <unk> <unk> <unk> <unk> <unk> <unk> <unk> <unk> <unk> <unk> <unk> <unk> <unk> <unk> <unk> <unk> <unk>
83,We we we the the the <unk>
84,<unk> <unk> <unk>
85,"""But I have not the <unk> of the <unk> of the <unk> of the <unk>"
86,<unk> <unk> <unk> <unk> <unk> <unk> <unk> <unk> <unk> <unk> <unk> <unk> <unk> <unk> <unk> <unk> <unk> <unk> <unk> <unk>
87,4. <unk> <unk> <unk> <unk> <unk> <unk>
88,"""And I have to the <unk> I have to the <unk> I am the <unk>"
89,We we have to the end
90,<unk> <unk> <unk> <unk> <unk> <unk>
91,"In this tutorial, we learnt learnt learnt learnt learnt learnt learnt learnt learnt <unk>"
92,"""And the <unk> of the <unk> of the <unk> of the <unk> of the <unk> of the <unk> of the <unk> of the <unk> of the <unk> of the <unk> of the <unk> of the <unk> of the <unk> of the <unk> of the <unk> of the <unk> of the"
93,"""And this tutorial, we have been contributed in the <unk> of the <unk> of the <unk> of <unk> <unk> <unk> <unk> <unk> <unk> <unk> <unk> <unk> <unk>"
94,"Now, let us see how to modify using Synaptic Package Manager."
95,These are are <unk> <unk>
96,Click on the drop-down icon to the
97,Who <unk>
98,That is
99,This is a <unk> <unk> or <unk> or <unk> or <unk> or <unk>
100,<unk> <unk> <unk> <unk> <unk> <unk> <unk> <unk> <unk> <unk> <unk> <unk> <unk> <unk> <unk> <unk> <unk> <unk> <unk> <unk> <unk> <unk> <unk> <unk> <unk> <unk> <unk> <unk> <unk> <unk> <unk> <unk> <unk> <unk> <unk>
101,"""And I say unto you, that I have not in the <unk> of the <unk> of the <unk> of the <unk> of the <unk>"
102,<unk> we can also we learnt how to the <unk> <unk> <unk> <unk> <unk> <unk>
103,"""And he said unto him, and he he he he he he he he he he he he he he he he he he he he he he he he he he he he he he he he he he he he he he he he he he he he"
104,"""And he said unto him, and said unto him, and he he was and he he was <unk> and he was <unk> and he was <unk> and he he was <unk>"
105,Go to the the the <unk>
106,"The Asanas - Bhujangasana, <unk> <unk> <unk> <unk> <unk>"
107,<unk> <unk>
108,Krishna is <unk>
109,<unk> <unk> fruit <unk> <unk> <unk> <unk>
110,<unk> <unk>
111,Click on Add click on the <unk>
112,<unk> <unk> <unk>
113,"""And he said unto him, and said unto him, and said unto him, and said unto him, and the <unk> of the <unk>"
114,There are <unk> <unk> <unk> <unk>
115,Let us now we have to the we have to modify the we have to modify the we have to modify the end of the <unk>
116,We we have about about the about
117,Now press type gcc space type gcc space press Enter.
118,<unk> <unk> <unk> <unk> <unk> <unk> <unk> <unk> <unk> <unk> <unk> and <unk>
119,Let us execute the <unk> <unk> <unk> <unk>
120,"""But I have to the <unk> of the <unk> of the <unk> of the <unk> of the <unk> of the <unk> of the <unk> of the <unk> of the <unk> of the <unk> of the <unk> of the <unk> of the <unk> of the <unk> of the <unk> of the"
121,Now we have to the <unk> we have to the <unk> of the <unk> <unk> <unk>
122,"Now, let us see the the the the the the <unk>"
123,<unk> One who chants
124,The <unk> is a <unk> <unk> <unk> <unk> <unk> <unk>
125,"This is this tutorial, I am using: Ubuntu Linux OS 16.04"
126,You are <unk>
127,<unk> <unk> <unk> <unk> <unk>
128,"Now, let us try to run to run <unk>"
129,In the <unk> <unk> <unk> <unk> <unk>
130,"Now, let us look at the error."
131,<unk> <unk> is in the <unk>
132,"""And I have heard the <unk> of the <unk> of the <unk> of the <unk> of the <unk> of the <unk> of the <unk>"
133,<unk> <unk> <unk> <unk> <unk> <unk> and <unk> <unk> <unk> <unk> <unk> <unk>
134,<unk> <unk> and <unk> and <unk> and <unk>
135,Here we have come to the <unk> <unk>
136,<unk> <unk> <unk> <unk> <unk> <unk> <unk> <unk> <unk> <unk> <unk> <unk> <unk>
137,Here we we we have the the we we have the the <unk> we are the <unk>
138,<unk> <unk> <unk> <unk>
139,This is the the of the <unk> of the <unk> of the <unk> of the <unk> of the <unk>
140,<unk> we can see the <unk> <unk> <unk>
141,We are <unk>
142,<unk> <unk> of the <unk> of the <unk>
143,And <unk> and <unk>
144,• Keep the spine legs apart and the your palms and the <unk>
145,<unk> <unk> is <unk> <unk> <unk> <unk> <unk> <unk> <unk> <unk> <unk>
146,Krishna <unk> <unk> ।
147,<unk> I have to the <unk> <unk> <unk> <unk> <unk> <unk> <unk> <unk> <unk> <unk>
148,"The Spoken Tutorial Project is funded by NMEICT, MHRD, Government of India."
149,Spoken Tutorial Project team: Spoken Tutorial Library.
150,"""And he was the <unk> and the <unk> and the <unk> and the <unk> and the <unk> and the <unk> and the <unk> and the <unk>"
151,<unk> <unk> <unk> <unk>
152,<unk> your your <unk> your <unk> your <unk>
153,And I have to the <unk> and <unk>
154,More information on this mission is available in this mission
155,"However, Explorer Explorer Explorer Explorer avoided, avoided, avoided, avoided, avoided, avoided, avoided, inconsistencies. inconsistencies. inconsistencies."
156,Just type the prompt: ls space <unk> space <unk> prompt: ls space <unk> <unk> press Enter.
157,Let us learn about the <unk> <unk> <unk>
158,<unk> <unk> <unk> <unk> <unk> <unk> <unk> <unk> <unk> <unk> <unk> <unk> <unk> <unk> <unk> <unk> <unk>
159,<unk> <unk> <unk>
160,"""And I have to the <unk> and I am the <unk> and I am the <unk> and I am the <unk> of the <unk> of the <unk> of the <unk> of the <unk> of the <unk> of the <unk> of the <unk> of the <unk> of the <unk> of the"
161,<unk> <unk> <unk> <unk> <unk> <unk> <unk> <unk> <unk> <unk> <unk> <unk> <unk> <unk> <unk> <unk> <unk> <unk> <unk> <unk>
162,"""And I say unto you, but I have not but but but but but but but but but but but the <unk>"
163,I spoke
164,<unk> <unk> <unk> <unk> <unk> <unk> <unk> <unk> <unk> <unk> <unk> <unk> <unk>
165,We we have to the the the <unk> of the <unk> of the <unk>
166,<unk> is is <unk> <unk> <unk> <unk> <unk> <unk> <unk> <unk> <unk> <unk> <unk>
167,• <unk> the <unk> and the <unk>
168,We will learn about the <unk> <unk>
169,"""And he said unto them, and said unto them, and said unto them, and the <unk> of the <unk> of the <unk> of the <unk> of the <unk> of the <unk>"
170,<unk> <unk> <unk> <unk> <unk>
171,"So, I will type the So, <unk> So, So, So, So, So, So,"
172,<unk> <unk> <unk> <unk> <unk> <unk> <unk> <unk> <unk> <unk> <unk> <unk> <unk> <unk> <unk> <unk> <unk> <unk> <unk> <unk> <unk> <unk> <unk> <unk> <unk> <unk> <unk> <unk> <unk> <unk> <unk> <unk> <unk> <unk>
173,"""And he said unto him, and said unto him, and said unto him, and said unto him, and said unto him, <unk>"
174,"""And he taught the <unk> of the <unk> of the <unk> of the <unk> of the <unk> of the <unk> of the <unk> of the <unk> of the <unk> of the <unk> of the <unk> of the <unk> of <unk>"
175,"Now, let us see how to modify <unk>"
176,"Now, click on Save changes box."
177,The Spoken Tutorial Project the <unk> <unk>
178,I have already written in the <unk> and I have to the <unk> and I have to the <unk>
179,<unk> <unk>
180,<unk> is the <unk> of <unk>
181,Welcome to the Spoken Tutorial project.
182,As we can see how we we can see the we can see the we can see
183,That is <unk>
184,This is the the <unk> the <unk> <unk> <unk> the <unk> <unk> <unk> <unk> <unk> <unk> <unk> <unk> <unk> <unk> <unk> <unk> <unk> <unk> <unk>
185,"Now, let us see how to modify the <unk> we have to modify the <unk>"
186,3. <unk> the <unk> <unk> <unk> <unk> <unk> <unk> <unk> <unk> <unk> <unk> <unk> <unk> <unk>
187,<unk> <unk> <unk> <unk> <unk> <unk> <unk> <unk> <unk> <unk> <unk> <unk>
188,"So, I will select the <unk> I will select <unk>"
189,"""And he taught and and and <unk> and <unk> and <unk> <unk> and <unk> <unk> and <unk> <unk> and <unk> <unk> and <unk> <unk> and <unk> <unk> and <unk> <unk> and <unk> <unk> and <unk> <unk> and <unk> <unk>"
190,<unk> the spine to the spine to the <unk> and the <unk>
191,"The Spoken Tutorial Project is funded NMEICT, MHRD, Government of India. NMEICT, MHRD, Government of India."
192,Spoken Tutorial Project Team conducts workshops using spoken tutorials
193,"""And he said unto the <unk> and the <unk> of the <unk> of the <unk> of the <unk> of the <unk> of the <unk> of the <unk> of the <unk> of the <unk> of the <unk> of the <unk> of the <unk> of the <unk> of the <unk> of the"
194,<unk> is is <unk> <unk> <unk> <unk> <unk> <unk>
195,<unk> the the lower of the <unk> <unk> <unk> the <unk>
196,The is a <unk>
197,<unk> <unk> <unk> <unk> <unk> <unk>
198,"""And the <unk> of the <unk> of the <unk> of the <unk> of the <unk> of the <unk> of the <unk> of the <unk> of the <unk>"
199,"So, I I have I have done I have done I have done I have done I have done I have done I have done I have done I have done I have done I have done I have done I have done I have done I have done <unk>"
200,<unk> One who <unk>
201,We can use with the <unk> with <unk> with <unk>
202,"Now, let us now the <unk>"
203,<unk> <unk>
204,<unk> <unk> <unk> <unk> <unk> <unk> <unk>
205,"""But I have not the <unk> of the <unk> of the <unk> of the <unk> of the <unk> of the <unk> of the <unk> of the <unk> of the <unk> of the <unk> of the <unk> of the <unk> of the <unk> of the <unk> of the <unk>"
206,<unk> I have not have not <unk> <unk> <unk> <unk> <unk> <unk> <unk> <unk> not <unk>
207,"Now, let us now the the <unk> of the <unk> of the <unk> and the <unk>"
208,Click on the Selector tool.
209,I I have to the <unk>
210,<unk> <unk> <unk> <unk> <unk> <unk> <unk> <unk> <unk> <unk> <unk> <unk> <unk> <unk> <unk> <unk> <unk> <unk> <unk> <unk> <unk> <unk> <unk> <unk> <unk> <unk> <unk>
211,We we we we we have to the <unk> we we have to modify the <unk>
212,Click on the drop-down select <unk>
213,<unk> <unk> <unk> <unk> <unk> <unk> <unk> <unk> <unk> <unk> <unk> <unk> <unk> <unk>
214,<unk> <unk> <unk> <unk> and <unk> <unk> <unk> <unk> <unk> <unk> <unk> <unk>
215,<unk> and the <unk> and <unk>
216,<unk> <unk> <unk> <unk> <unk> <unk> <unk> <unk> <unk>
217,"""And he said unto him, and said unto him, and said unto him, and the <unk> and the <unk> and the <unk> and the <unk> and the <unk>"
218,Child has kindness on these all.
219,The is is is <unk> <unk> <unk> <unk> <unk> <unk> <unk> <unk>
220,"""And he said unto him, <unk> and <unk> and <unk> and <unk> and <unk> and <unk> and <unk> and <unk> and <unk> and <unk> and <unk> and <unk> and <unk> and <unk> and <unk> and <unk> and <unk> and <unk> and <unk> and <unk> and <unk> and <unk> and <unk>"
221,I am using: Ubuntu Linux Ubuntu Linux OS
222,Child has trust in these all.
223,I will select the <unk> I select the <unk>
224,"""And I have not in the <unk> and I have not <unk> and I have not <unk> and I have not in the <unk> and I have not in the <unk> and I have not in the <unk> and I have not in the <unk>"
225,"""And the <unk> of the <unk> of the <unk> of <unk>"
226,It is a <unk> <unk> <unk> <unk> <unk> <unk> <unk> <unk>
227,What is <unk> <unk> <unk> <unk> <unk> <unk> <unk>
228,"""And the <unk> of the <unk> of the <unk> of the <unk> of the <unk> of the <unk> of the <unk>"
229,In the command prompt: ls space <unk> space <unk> space <unk> space <unk> space <unk> space <unk> space <unk> space <unk>
230,<unk> <unk> <unk> <unk> <unk> <unk> <unk> <unk> <unk> <unk> <unk> <unk> <unk> <unk> <unk> <unk> <unk> <unk> <unk> <unk> <unk> <unk> <unk> <unk> <unk> <unk> <unk> <unk> <unk> <unk> <unk> <unk> <unk> <unk> <unk> <unk> <unk> <unk> <unk>
231,<unk> <unk> <unk> <unk>
232,What is you ? <unk>
233,<unk> <unk> <unk> <unk> <unk> <unk> <unk> <unk> <unk> <unk> <unk> <unk> <unk> <unk> <unk> <unk> <unk> <unk> <unk> <unk> <unk> <unk> <unk> <unk> <unk> <unk> <unk> <unk> <unk> <unk> <unk> <unk> <unk> <unk> <unk> <unk>
234,Those are two songs.
235,Here we have the the the the <unk> the <unk>
236,"""And he said unto him, and he that he that he <unk> and <unk> and <unk> and <unk> and <unk> and <unk> and <unk>"
237,<unk> is not <unk> <unk> with <unk>
238,<unk> <unk> <unk> <unk> <unk> <unk> <unk> <unk> <unk> <unk> <unk> <unk> <unk> <unk> <unk> <unk> <unk> <unk> <unk> <unk> <unk> <unk> <unk> <unk> <unk> <unk> <unk> <unk> <unk> <unk> <unk> <unk> <unk> <unk> <unk> <unk> <unk> <unk> <unk> <unk> <unk> <unk> <unk>
239,<unk> <unk> <unk> <unk> <unk> <unk> <unk> <unk> <unk> <unk> <unk>
240,<unk> <unk> <unk> <unk> <unk> <unk> <unk> <unk> <unk> <unk> <unk> <unk> <unk> <unk> <unk> <unk> <unk>
241,<unk> <unk> <unk> <unk> <unk> <unk> <unk> <unk> <unk> <unk> <unk> <unk> <unk> <unk> <unk> <unk> <unk> <unk> <unk>
242,<unk> <unk> <unk> <unk> <unk> <unk> <unk> <unk> <unk> <unk> <unk> <unk> <unk> <unk> <unk> <unk> <unk> <unk> <unk> <unk> <unk> <unk> <unk> <unk> <unk>
243,What is <unk> <unk> <unk> <unk>
244,We we we we we we we we we we we we have <unk> we we have <unk>
245,<unk> the <unk> of the <unk> of <unk>
246,<unk> <unk> <unk> <unk> <unk> <unk> <unk> <unk> <unk> <unk> <unk> <unk> <unk> <unk> <unk> <unk>
247,<unk> <unk> <unk> <unk> <unk> <unk> <unk> <unk> <unk> <unk> <unk> <unk> <unk> <unk> <unk> <unk> <unk> <unk> <unk> <unk>
248,In the <unk> between in the <unk> between in the <unk>
249,And to the <unk> or <unk> and <unk> and <unk> <unk>
250,The <unk> is the <unk> of the <unk> of the <unk> of the <unk> <unk>
251,"""And when the <unk> of the <unk> of the <unk> and <unk> and <unk> <unk> and <unk> <unk> and <unk> <unk> and <unk> <unk>"
252,These are two servants.
253,It is not is not in the <unk>
254,"""And I have a <unk> <unk> <unk> <unk> and <unk> <unk> <unk> and <unk> <unk> <unk> and <unk> <unk> <unk> and <unk> <unk> <unk> and <unk> <unk> <unk> and <unk> <unk> <unk> and <unk> <unk> <unk> <unk> and <unk> <unk> <unk> and <unk> <unk> <unk> <unk> and <unk> <unk> <unk>"
255,<unk> <unk> <unk> <unk> <unk> <unk>
256,<unk>
257,<unk> <unk> <unk> <unk> <unk> <unk>
258,Then click on +New
259,<unk> <unk>
260,"""For I have not I am I am I am I am I am I am I am I am to the"
261,A new page opens. opens. opens.
262,And in the <unk> and <unk> and <unk> and <unk> and <unk> and <unk> and <unk> and <unk> and <unk> and <unk> and <unk> and <unk> and <unk> and <unk> and <unk> and <unk> and <unk> and <unk> and <unk> and <unk> and <unk> and <unk> and <unk> and <unk>
263,Click on the the <unk> of the <unk> of the <unk> the <unk>
264,Those are two songs.
265,<unk> the <unk> <unk> <unk> <unk> <unk>
266,Type colon. <unk>
267,<unk> <unk> <unk> <unk> <unk> <unk> <unk> <unk> <unk> <unk> <unk> <unk> <unk> <unk> <unk>
268,"""But the <unk> of the <unk> of the <unk> of <unk>"
269,<unk> <unk> <unk> <unk> <unk> <unk> <unk> <unk> <unk> <unk>
270,"""And they they were <unk> <unk> <unk> <unk> <unk> and <unk> <unk> <unk> <unk> <unk> <unk> <unk> <unk> <unk> <unk> <unk> <unk> <unk> <unk> <unk> <unk> <unk> <unk> <unk> <unk> <unk> <unk> <unk> <unk> <unk> <unk> <unk> <unk> <unk> <unk> <unk> <unk> <unk> <unk> <unk> <unk> <unk> <unk> <unk> <unk>"
271,"""And he said unto him, and said unto him, saying, <unk> and the <unk> and the <unk> of the <unk>"
272,Type the command is Rolf Steinort <unk>
273,We have to the <unk>
274,"Now, now I have to the <unk> and <unk> and <unk>"
275,<unk> <unk> <unk> <unk> <unk> <unk> <unk> <unk> <unk> <unk> <unk> <unk> <unk> <unk> <unk> <unk> <unk> <unk> <unk> <unk> <unk> <unk> <unk> <unk> <unk> <unk> <unk> <unk> <unk> <unk> <unk> <unk> <unk> <unk> <unk> <unk> <unk> <unk> <unk> <unk> <unk> <unk> <unk> <unk> <unk> <unk> <unk> <unk> <unk> <unk>
276,This is available at the <unk>
277,<unk> <unk> <unk> <unk> <unk> <unk>
278,"""And he said unto him, and said unto him, and said unto him, and said unto him, and he that he that he that he that he that he that he that he that he that he that he that he that he that he that he that he that"
279,"This is this tutorial, we have <unk>"
280,<unk> <unk> <unk> <unk> <unk> <unk> <unk> <unk>
281,I have I have I have I have I have I have I have I have I have I have I have I have to the <unk>
282,I have not possible not updated
283,<unk> <unk> <unk> method <unk> method <unk>
284,<unk> <unk> and <unk> and <unk>
285,Let us see the code
286,<unk> <unk> <unk> <unk> <unk> <unk> and <unk> <unk> and <unk> <unk> and <unk> <unk> <unk> <unk> and <unk> <unk> <unk> <unk> <unk> and <unk> <unk> <unk> and <unk> <unk> <unk> and <unk> <unk> <unk> <unk> and <unk> <unk> <unk> and <unk> <unk> <unk> and <unk> <unk> <unk> and <unk>
287,"""And the <unk> and <unk> and <unk> and <unk> and <unk> and <unk> and <unk> and <unk> and <unk> and <unk> and <unk> and <unk> and <unk> and <unk> and <unk> and <unk> and <unk> and <unk> and <unk> and <unk> <unk> and <unk> <unk> and <unk> <unk> and <unk>"
288,<unk> One who chants
289,"""And Jesus answered unto him, and the <unk> of the <unk> of the <unk> of the <unk> of the <unk> of the <unk> of the <unk> of the <unk> of the <unk> of the <unk> of the <unk> of the <unk>"
290,"Now, let us execute the Save Save Save Save Save Save Save Save Save Save"
291,Go to the <unk> and to the <unk> and to the <unk>
292,<unk> <unk> <unk> <unk> <unk> <unk> <unk> <unk> <unk> <unk> <unk> <unk> <unk> <unk> <unk> <unk> <unk> <unk> <unk> <unk> <unk> <unk> <unk> <unk> <unk> <unk> <unk> <unk> <unk> <unk>
293,And I have to the <unk>
294,Rama <unk> <unk>
295,"""And he said unto him, and said unto him, and said unto him, and the <unk> of the <unk> of God."""
296,We we we the <unk> <unk> <unk> <unk> <unk>
297,<unk> <unk> <unk> <unk> <unk> <unk> <unk> <unk> <unk> <unk>
298,<unk> <unk> <unk> <unk> <unk> and <unk> and <unk> <unk> and <unk> <unk> and <unk> <unk> and <unk> <unk> and <unk> <unk> and <unk> <unk> and <unk> <unk> and <unk> <unk> and <unk> <unk> and <unk> <unk> and <unk> <unk> and <unk> <unk> and <unk> <unk> and <unk> and <unk>
299,"""And the <unk> of the <unk> of the <unk> of the <unk> of the <unk> of the <unk> of the <unk> of the <unk> of the <unk> of the <unk> of the <unk> of the <unk> of the <unk> of <unk>"
300,Go to the to to the to the
301,<unk> <unk> <unk> <unk> <unk> <unk> <unk> <unk> <unk> <unk> <unk> <unk> <unk> <unk> <unk> <unk> <unk> <unk> <unk> <unk> <unk> <unk> <unk> <unk> <unk> <unk> <unk> <unk> <unk> <unk> <unk> <unk> <unk> <unk> <unk> <unk> <unk> <unk> <unk> <unk>
302,<unk> the the <unk> of the <unk> of the <unk> <unk>
303,"Now, let us now the the <unk> <unk> <unk> <unk> <unk> <unk> <unk> <unk> <unk> <unk> <unk> <unk> <unk> <unk> <unk> <unk> <unk> <unk> <unk> <unk> <unk> <unk> <unk> <unk> <unk> <unk> <unk> <unk> <unk> <unk> <unk> <unk> <unk> <unk> <unk> <unk> <unk> <unk> <unk>"
304,"""And the <unk> of the <unk> of the <unk> of the <unk> of the <unk> of the <unk> of the <unk> of the <unk> of the <unk> of <unk>"
305,Scroll down and click on Save changes button.
306,Select the <unk> select <unk> select <unk> select select <unk> select select <unk> select <unk> select <unk>
307,"""And Jesus answered unto him, and he was the <unk> and he was the <unk> and he was the <unk> and he was <unk>"
308,<unk> <unk> <unk> <unk> <unk>
309,"""And the <unk> of the <unk> of the <unk> of the <unk> of the <unk> of the <unk> of the <unk> of the <unk> of the <unk> of the <unk> of the <unk> of the <unk> of the <unk> of the <unk> of the <unk> of the <unk> of the"
310,"""And he said unto him, and the <unk> of the <unk> of the <unk> of the <unk> of the <unk> of the <unk> of the <unk> of the <unk> of the <unk> of the <unk> of the <unk> of the <unk> of the <unk> of the <unk> of the <unk>"
311,And the the <unk>
312,<unk> <unk> <unk> <unk> <unk> <unk> <unk> <unk> <unk> <unk> <unk> <unk> <unk> <unk> <unk> <unk> <unk> <unk> <unk> <unk> <unk> <unk> <unk>
313,Let us execute the the <unk>
314,Go to the to to the <unk>
315,There are many <unk> <unk> <unk> <unk> <unk> <unk>
316,<unk> <unk> <unk> <unk> <unk> <unk> <unk> <unk> <unk> <unk> <unk> <unk> <unk> <unk> <unk> <unk> <unk> <unk> <unk> <unk> <unk> <unk> <unk> <unk> <unk> <unk> <unk> <unk> <unk> <unk>
317,<unk> the <unk> the <unk> <unk>
318,"""And the <unk> of the <unk> of the <unk> of the <unk> of the <unk>"
319,<unk> <unk> <unk> <unk> <unk> <unk> <unk>
320,<unk> <unk> <unk>
321,"""But I my my my my my my my my my my my my my my my my my my my my my my my my my my my my my my my my my my my my my my my my my my my my my my my my"
322,Those are two songs.
323,<unk> <unk> <unk> <unk> <unk> <unk> <unk> <unk> <unk> <unk> <unk> <unk> <unk> <unk> <unk> <unk>
324,"With this, we we we we we we we we we have our <unk> we we have our <unk> our <unk>"
325,"Now, let us come to the <unk>"
326,I will leave the the <unk>
327,Click on the <unk> <unk>
328,<unk> <unk> <unk> <unk> <unk> <unk> <unk> <unk> <unk> <unk> <unk> <unk> <unk> <unk> <unk> <unk>
329,<unk> <unk> <unk> <unk> <unk> <unk> <unk> <unk> <unk> <unk> <unk> <unk> <unk>
330,This is an assignment for this image.
331,If we will learn how to the the <unk> I will to the <unk> I have to the <unk> I have to the <unk> <unk>
332,"Now, let me the <unk> <unk> <unk> <unk>"
333,<unk> <unk> <unk>
334,"So, we have declared a variable name. as <unk> <unk> <unk> <unk> <unk>"
335,"So, I have I have to the So, I have to the So, I switch back to the and I switch back to the and I switch back to the"
336,"This is this tutorial, we have to the <unk> of this This is the <unk> of this This is the <unk> <unk>"
337,<unk> <unk> <unk>
338,Now we will type the program <unk> <unk> <unk> <unk> <unk> <unk>
339,Click on this tutorial on the and click on the
340,"""But Jesus said unto him, and said unto him, and said unto him, and said unto him, thou shalt thou shalt thou shalt thou shalt thou shalt thou shalt thou shalt thou shalt"
341,<unk> One who is the <unk>
342,<unk> we have learnt how to create a class of the <unk>
343,<unk> <unk> <unk> <unk> <unk> <unk> <unk>
344,For we we we have to the <unk> of <unk>
345,<unk> One who chants
346,<unk> <unk> <unk>
347,"""And he said unto him, and said unto him, and said unto him, and he was the <unk> and he was <unk>"
348,<unk> <unk> <unk> <unk> <unk> <unk> <unk> <unk> <unk> <unk> <unk> <unk> <unk> <unk> <unk> <unk> <unk> <unk> <unk> <unk> <unk> <unk> <unk> <unk> <unk> <unk> <unk> <unk> <unk> <unk> <unk> <unk> <unk> <unk> <unk> <unk> <unk> <unk> <unk> <unk> <unk> <unk> <unk> <unk> <unk> <unk> <unk> <unk> <unk> <unk>
349,I will type the <unk> <unk>
350,<unk> <unk> <unk> <unk> <unk> <unk> <unk> <unk> <unk> <unk> <unk> <unk> <unk> <unk> <unk> <unk> <unk> <unk> <unk> <unk> <unk> <unk>
351,I will leave the the <unk>
352,We we we have to the the end of the end
353,<unk> <unk> <unk> <unk> <unk> <unk> <unk> <unk> <unk> <unk> <unk>
354,Now now now now now the <unk>
355,You are <unk>
356,Click on the <unk> <unk> and <unk> and <unk> and <unk> and <unk>
357,Click on the drop-down icon to to the to the to the to the the to the to the the to the the <unk> of the <unk>
358,When when we have to the the the <unk> the <unk> <unk> <unk>
359,<unk> <unk> <unk> <unk> <unk> <unk> <unk> <unk> <unk> <unk> <unk> <unk> <unk> <unk> <unk> <unk> <unk> <unk> <unk> <unk> <unk> <unk> <unk> <unk> <unk> <unk> <unk> <unk>
360,<unk> <unk> <unk> <unk>
361,<unk> <unk> <unk> <unk>
362,<unk> <unk> <unk> <unk>
363,Click on the gear icon icon on the the <unk> of the <unk>
364,I will select the the <unk>
365,<unk> <unk> <unk> <unk> <unk> <unk> <unk> <unk> <unk> <unk> <unk> <unk> <unk> <unk> <unk> <unk> <unk> <unk> <unk> <unk> <unk> <unk> <unk> <unk> <unk> <unk> <unk> <unk> <unk> <unk> <unk> <unk> <unk> <unk> <unk> <unk> <unk> <unk> <unk> <unk> <unk> <unk>
366,"""But if I say unto you, That is the <unk> of the <unk>"
367,Type the <unk> <unk> <unk> <unk> <unk> curly brackets. <unk>
368,<unk> <unk> <unk>
369,"""And the <unk> of the <unk> of the <unk> of the <unk> of the <unk> of the <unk> of the <unk> of the <unk> of the <unk> of the <unk> of the <unk> of the <unk> of the <unk> of the <unk> of the <unk> of the <unk> of the"
370,The Spoken Tutorial Project the Spoken Tutorial project.
371,"Now, type: type: type: type: type:"
372,Select the <unk> select <unk> the <unk>
373,The the <unk> of the <unk> of the <unk> of the <unk> <unk>
374,"""And he said unto him, and said unto him, and said unto him, and said unto him, and <unk> <unk> and <unk> and <unk> and <unk> and <unk> and <unk> and <unk> and <unk> and <unk> and <unk> and <unk> and <unk> <unk> and <unk> <unk> and <unk> <unk> and"
375,<unk> <unk> <unk> <unk> <unk> <unk> <unk> <unk> <unk> <unk> <unk> <unk> <unk> <unk> <unk> <unk> <unk> <unk> <unk>
376,I will select the layer mask and I select the layer mask and I select the <unk>
377,Boy displays trust in you.
378,<unk> not indicators not not
379,Let us summarize.
380,<unk> <unk> <unk> <unk> <unk> <unk>
381,<unk> <unk> <unk> <unk> <unk>
382,Select the <unk> <unk> <unk>
383,<unk> <unk> <unk> <unk> <unk> <unk> <unk> <unk> <unk> <unk> <unk>
384,"""And the <unk> of the <unk> of the <unk> of the <unk> of the <unk> of the <unk> of the <unk> of the <unk> of the <unk> of the <unk> of the <unk> of the <unk> of the <unk> of the <unk> of the <unk> of the <unk> of the"
385,As we we have to the the <unk> <unk>
386,As we can see how to see how to modify the
387,<unk> <unk>
388,<unk> select <unk> and select and select <unk> and select <unk>
389,<unk> One who is the <unk> <unk> <unk> <unk> <unk> <unk> <unk>
390,I have already written <unk>
391,The <unk> <unk> <unk> <unk>
392,Boy displays trust in you. all.
393,There are many <unk> <unk>
394,We can use static static static static static static static and the <unk>
395,<unk> <unk> <unk> <unk> <unk> <unk> <unk> <unk> <unk> <unk> <unk> <unk> <unk> <unk> <unk> <unk> <unk> <unk> <unk> <unk> <unk> <unk> <unk> <unk> <unk> <unk> <unk>
396,Here we will <unk> <unk> <unk> <unk> <unk> <unk> <unk>
397,We we have created the <unk> and the <unk> <unk> and the <unk> <unk> and the <unk>
398,Now let us see how to modify the same to modify
399,"""And he said unto him, Verily I say unto him, and the <unk> and the <unk> of the <unk>"
400,"Here you can see here, here, <unk> <unk> <unk> <unk> <unk> <unk> <unk> <unk> <unk>"
401,<unk> <unk>
402,He is the <unk> <unk>
403,<unk> <unk> <unk> <unk> <unk> <unk> <unk> <unk> <unk> <unk> <unk> <unk>
404,The is is a <unk> <unk> <unk>
405,<unk> <unk>
406,<unk> <unk> <unk>
407,And the <unk> and and <unk>
408,<unk> <unk> <unk> <unk> <unk> <unk> <unk> <unk> <unk> <unk> <unk> <unk> <unk> <unk> <unk> <unk> <unk>
409,"""And I have to the <unk> of the <unk> of the <unk> of the <unk> of the <unk> of the <unk> of the <unk> of the <unk> of the <unk> of the <unk> of the <unk> of the <unk> of the <unk> of the <unk> of the <unk> of the"
410,When you can see that you can see you can see to the <unk> I have to modify the <unk> I have to the <unk>
411,Let us execute the <unk> <unk> <unk>
412,This is <unk>
413,You are <unk>
414,"""And he was <unk> and and <unk> and <unk> and <unk> and <unk> and <unk> and <unk>"
415,"""And to the <unk> to to the <unk> of the <unk> of the <unk> of the <unk> of the <unk>"
416,Then click on the <unk> and <unk> and <unk>
417,"""For we have heard we have to the <unk> of the <unk> of the <unk> of the <unk> of the <unk> of the <unk> of the <unk> of the <unk> of the <unk> of the <unk> of the <unk> of the <unk> of the <unk> of the <unk> <unk> <unk>"
418,Click on Browse Click on Browse Click on Delete Click on Delete Click on Delete Click
419,"""And when I have to the <unk> of the <unk> of the <unk> of the <unk> of the <unk> of the <unk> of the <unk> of the <unk> of the <unk> of the <unk> of the <unk> of the <unk>"
420,"So, I will not the main method as I will be <unk>"
421,Then click on Add button button at the bottom right.
422,There are <unk> <unk>
423,"In this tutorial, we learnt learnt learnt how to use to use <unk>"
424,Click on Mozilla Firefox <unk> <unk> <unk>
425,"""And I say unto him, Verily I say unto him, and said unto him, <unk> and <unk> <unk> <unk> and <unk> <unk> <unk> and <unk> <unk> <unk> <unk> <unk> <unk> <unk> <unk> <unk> and <unk> <unk> <unk> <unk> <unk> <unk> <unk> <unk> and <unk> <unk> <unk> <unk> <unk> <unk> <unk>"
426,1. <unk> of the <unk> of the <unk> of <unk>
427,This is the <unk> <unk>
428,"""And I say unto him, Verily I say unto him, and the <unk> of the <unk>"
429,TERMINAL QUESTIONS
430,I I will select the <unk> <unk> <unk> <unk>
431,<unk> <unk> <unk> <unk> <unk> <unk> <unk> <unk> <unk> <unk> <unk> <unk> <unk> <unk> <unk> <unk> <unk> <unk>
432,"""And thou shalt thou shalt thou shalt thou shalt thou shalt thou shalt thou shalt thou shalt"
433,"""And he said unto him, and said unto him, and said unto him, and said unto him, and the <unk> of the <unk> of the <unk> of the <unk> of the <unk> of the <unk> of the <unk> of the <unk> of the <unk> of the <unk> of the <unk>"
434,<unk> <unk>
435,Let us now look at the
436,Spoken Tutorial Project gives certificates to Spoken Tutorial Project test. certificates to certificates certificates certificates certificates certificates certificates certificates certificates certificates certificates certificates certificates certificates certificates certificates certificates certificates certificates certificates certificates certificates certificates certificates certificates certificates certificates certificates certificates certificates certificates certificates certificates certificates certificates certificates certificates certificates certificates
437,<unk> we have to the <unk> <unk> <unk> <unk>
438,<unk> <unk> <unk> <unk> <unk> <unk> <unk> <unk> <unk> <unk> <unk> <unk>
439,<unk> you can use <unk> <unk> <unk> <unk> <unk> <unk> <unk> <unk> <unk> <unk> <unk> <unk> <unk> <unk> <unk> <unk>
440,<unk> <unk> <unk> <unk> <unk>
441,<unk> <unk>
442,"""And he said unto them, Go to the <unk> of the <unk> of the <unk> of the <unk> of the <unk> of the <unk> of the <unk> of the <unk> of the <unk> of the <unk> of <unk>"
443,Then we will type <unk> <unk> <unk> <unk> <unk> <unk>
444,"""And the <unk> of the <unk> of the <unk> of the <unk> of the <unk> of the <unk> of the <unk> of the <unk> of the <unk> of the <unk>"
445,<unk> <unk> <unk> <unk> <unk> <unk> <unk> <unk> <unk> <unk> <unk> <unk> <unk> <unk> <unk> <unk> <unk> <unk> <unk> <unk> <unk> <unk>
446,"""And the <unk> of the <unk> of the <unk> of the <unk> of the <unk> of the <unk> of the <unk> of the <unk> of the <unk> of the <unk> of the <unk> of <unk>"
447,<unk> <unk> <unk> <unk> <unk>
448,"""And he said unto him, Verily I say unto him, and said unto him, and the <unk> of the <unk> of the <unk>"
449,Select the <unk> <unk>
450,<unk> the <unk> of the <unk> of the <unk> of the <unk> of the <unk> of the <unk> of the <unk> of the <unk>
451,Open the terminal and and <unk> and T simultaneously.
452,We both must read.
453,<unk> <unk> <unk> <unk> <unk> <unk> <unk> <unk> <unk> <unk> <unk>
454,<unk> is is <unk> <unk> <unk> <unk> <unk> <unk> <unk> <unk>
455,<unk> <unk> <unk> <unk> <unk> <unk>
456,<unk> <unk> the <unk> <unk> <unk>
457,<unk> <unk> <unk> <unk> and <unk> <unk> and <unk> <unk> <unk> <unk>
458,"""And Jesus answered unto him, and said unto him, and said unto him, but the <unk>"
459,<unk> <unk> <unk> <unk> <unk> <unk> <unk> <unk> <unk> <unk> <unk> <unk> <unk>
460,This is a <unk>
461,<unk> <unk> <unk> <unk> <unk> <unk> <unk> <unk> <unk> <unk>
462,<unk> <unk> <unk> <unk> <unk> <unk> <unk>
463,The Spoken Tutorial Project is an online test. to the <unk> and to the <unk> and to the <unk>
464,Click on the <unk> <unk> and press Enter.
465,Those are two songs.
466,<unk> <unk> <unk> <unk> <unk> <unk>
467,Note that our is our <unk>
468,"""And I say unto him, and the <unk> of the <unk> of the <unk> of the <unk> of the <unk> of the <unk> of the <unk> of the <unk> of the <unk> of the <unk> of the <unk>"
469,We have now in the <unk> between in the dashboard.
470,"Now, I will type the <unk> <unk> <unk> <unk> <unk> <unk>"
471,The is is is a <unk> is <unk> <unk> <unk> <unk> <unk> <unk> <unk>
472,We we we have the <unk> <unk> <unk> <unk> <unk> <unk> <unk> <unk> <unk> <unk>
473,I I I am I am I am I am I am I am I am I am I am I am I am I am I am I am I am <unk> <unk> I am <unk> <unk> I am <unk> <unk> I am <unk> <unk> I am I am
474,<unk> <unk> <unk> <unk> <unk> <unk> <unk> <unk> <unk> <unk> <unk> <unk> <unk> <unk> <unk>
475,"""And I have I have to the <unk> and I have to the <unk> and I have to the <unk> of the <unk> of the <unk> of the <unk> of the <unk> of the <unk> of the <unk>"
476,<unk> the <unk> <unk> <unk> <unk> <unk> <unk>
477,"""But I say unto him, Verily I say unto you, but I have not <unk> and I have not <unk> and I have not <unk> and I have not <unk> and I have not <unk>"
478,What is <unk> <unk>
479,"To the the bar, type: <unk> Press Enter."
480,"""And he said unto him, and said unto him, and said unto him, and said unto him, <unk> and <unk> and <unk> <unk> and <unk> and <unk> and <unk> and <unk> and <unk> and <unk> and <unk> and <unk> and <unk> <unk> and <unk> <unk> and <unk> <unk> and <unk>"
481,I have <unk> <unk> <unk> <unk>
482,<unk> <unk> <unk> <unk> <unk> <unk> <unk> <unk> <unk> <unk> <unk> <unk> <unk> <unk> <unk> <unk> <unk> <unk> <unk> <unk> <unk> <unk> <unk> <unk> <unk> <unk> <unk> <unk> <unk> <unk> <unk> <unk> <unk> <unk> <unk> <unk> <unk> <unk> <unk> <unk> <unk> <unk> <unk> <unk> <unk> <unk> <unk> <unk> <unk> <unk>
483,<unk> <unk> <unk> <unk> <unk> <unk> <unk> <unk>
484,The Spoken Tutorial Project the Spoken Tutorial project.
485,The the <unk> is the <unk> the <unk> <unk> the <unk> <unk> <unk> the <unk> <unk> <unk> <unk> <unk> the <unk> <unk> <unk> the <unk> <unk> <unk> <unk> <unk> the <unk> <unk> <unk> the <unk> <unk> <unk>
486,"""And Jesus answered unto him, and the <unk> of the <unk> of the <unk> of the <unk> of the <unk> of the <unk> of the <unk> of the <unk> of the <unk> of the <unk> of God."""
487,<unk> <unk> <unk> <unk> <unk> <unk> <unk> <unk> <unk>
488,<unk> <unk> <unk> <unk> <unk> <unk> <unk> <unk> <unk> <unk> <unk>
489,"""And he said unto him, and said unto him, and said unto him, and the <unk> of the <unk> of the <unk> of the <unk> of the <unk> of the <unk> of the <unk> of the <unk> of the <unk> of the <unk> of the <unk> of the <unk> and"
490,"""And they were the <unk> of the <unk> of the <unk> of the <unk> of the <unk> of the <unk> of the <unk> of the <unk> of the <unk> of the <unk> of the <unk> of the <unk> of the <unk> of the <unk> of the <unk> of the <unk>"
491,<unk> One who is the <unk> of <unk> <unk> <unk> <unk> <unk> <unk> <unk> <unk> <unk> <unk> <unk>
492,"To record this tutorial, <unk>"
493,<unk> <unk> <unk> <unk> <unk> <unk>
494,<unk> <unk> <unk> <unk> <unk> <unk> <unk> <unk>
495,<unk> the <unk> of the <unk> of the <unk> of the <unk> of the <unk> of the <unk> of the <unk> of the <unk> of the <unk> of the <unk> of the <unk> of the <unk> of the <unk> of the <unk> of the <unk> of the <unk> of the
496,<unk> <unk> of the <unk> of the <unk> of the <unk> of <unk>
497,<unk> <unk> <unk> <unk> <unk> <unk> <unk> <unk> <unk> <unk>
498,<unk> <unk> <unk> <unk> <unk> <unk>
499,<unk> <unk> <unk> <unk> <unk> <unk> <unk> <unk>
500,Boy displays trust in you. all.
501,The <unk> <unk> <unk>
502,"So, we have created the method <unk> method"
503,"""And he was the <unk> of the <unk> of the <unk> of the <unk> of the <unk> of the <unk> of the <unk> of <unk>"
504,You are <unk>
505,"Now, we have to the the end of the end of the end of the end of the end"
506,Click on a new Budget to to the <unk>
507,"Let us summarize. In this tutorial, we learnt learnt we learnt learnt learnt we learnt we learnt we learnt we learnt we learnt we learnt we learnt we learnt we learnt we learnt we learnt we learnt we learnt we learnt we learnt we learnt we learnt we learnt learnt"
508,<unk> <unk> <unk> <unk> <unk> <unk> <unk> <unk> <unk> <unk> <unk> <unk> <unk> <unk> <unk>
509,<unk>
510,<unk> <unk> <unk> <unk> <unk> or <unk> <unk> <unk> <unk> <unk> <unk> <unk> <unk>
511,And on the and and and
512,"""And he said unto him, and said unto him, and said unto him, and said unto him, <unk>"
513,<unk> <unk> <unk> <unk> <unk> <unk> <unk> <unk> <unk> <unk> <unk> <unk> <unk> <unk> <unk> <unk> <unk> <unk> <unk> <unk> <unk> <unk> <unk> <unk> <unk> <unk> <unk> <unk> <unk> <unk> <unk> <unk> <unk> <unk> <unk> <unk> <unk> <unk> <unk> <unk> <unk> <unk> <unk> <unk> <unk> <unk> <unk> <unk> <unk> <unk>
514,"""And the the <unk> of the <unk> of the <unk> of the <unk> of the <unk> of the <unk> of the <unk> of the <unk> of the <unk> of the <unk> of the <unk> of the <unk> of the <unk> of the <unk>"
515,<unk> One who is the <unk> of <unk>
516,The is is is the the <unk> is the <unk> and the the <unk> and the <unk> and the <unk> is the <unk> and the <unk> and the <unk> and the <unk> is the <unk>
517,"""And he said unto him, and said unto him, and the <unk> and <unk> and the <unk> and <unk> and <unk> <unk> and <unk> and <unk> and <unk>"
518,<unk> <unk> <unk> <unk> <unk> <unk> <unk> <unk>
519,Go to a new Budget to <unk> to the <unk> to the <unk>
520,"""And the <unk> and <unk> and <unk> and the <unk> and <unk> and <unk>"
521,<unk> <unk> <unk> <unk> <unk>
522,<unk> <unk> <unk> <unk>
523,<unk> <unk> <unk> <unk> <unk> <unk>
524,And we have used to modify <unk> and <unk> <unk>
525,<unk> <unk> <unk> <unk> <unk>
526,Then <unk> <unk>
527,The Krishna placed in the <unk> between
528,We will type the <unk>
529,You are <unk>
530,Those are <unk>
531,Click on Add button at the bottom right.
532,Select the <unk> select select <unk> select <unk>
533,Then we have to create a <unk> as <unk> <unk> <unk> <unk>
534,<unk> <unk> <unk> and <unk> and <unk> and <unk>
535,Click on Click on the <unk> button at the <unk> button at the <unk> button at the <unk>
536,"""But I have not <unk> not <unk> not <unk> not <unk> not <unk> <unk>"
537,"""But I have not the <unk> <unk> <unk> <unk> <unk> <unk> <unk> <unk> <unk> <unk> <unk> <unk> <unk> <unk> <unk> <unk> <unk> <unk> <unk> <unk> <unk> <unk> <unk> <unk> <unk> <unk> <unk> <unk> <unk> <unk> <unk> <unk> <unk> <unk>"
538,We we have to the end
539,Boy displays kindness in that.
540,"""And the <unk> of the <unk> of the <unk> of the <unk> of the <unk> of the <unk> of the <unk> of the <unk> of the <unk> of <unk>"
541,"""But the <unk> of the <unk> of the <unk> of the <unk> of the <unk> of the <unk> of the <unk> of the <unk> of the <unk> of the <unk> of the <unk> of the <unk> of the <unk> of the <unk> of the <unk> of the <unk> of the"
542,<unk> the <unk> the <unk> and the <unk> and the <unk> and the <unk> and the <unk> and the <unk> <unk> <unk>
543,We we have not we have not we have to the <unk> we have to the <unk> we have to the <unk>
544,"""And he he taught and he he he he he he he he he he he he he he he he he he he he he he he he he he he he he he he he he he he he he he he he he he he he he"
545,Boy displays trust in these all.
546,<unk> One who is the <unk> <unk> <unk> <unk> <unk> <unk>
547,"Now, let us learn about how to <unk>"
548,The is is is a <unk> is a <unk> <unk> <unk> <unk> <unk> <unk> <unk> <unk> <unk> <unk> <unk> <unk> <unk> <unk> <unk> <unk> <unk>
549,<unk> <unk> <unk> <unk> <unk> <unk> <unk> <unk>
550,We we have created a constructor in this tutorial.
551,<unk> <unk> <unk> <unk> <unk> <unk> <unk> <unk> <unk> <unk> <unk> <unk> <unk> <unk> <unk> <unk> <unk> <unk> <unk> <unk> <unk> <unk> <unk> <unk> <unk> <unk>
552,"So, I will type the equal to i equal to modify <unk> and <unk> and <unk> and <unk> and <unk> and <unk>"
553,<unk> <unk>
554,<unk> <unk> <unk>
555,"Now, let us now the the <unk> <unk>"
556,<unk> How is how to <unk>
557,What is <unk>
558,Go to the to to the
559,<unk> <unk> is the <unk> <unk> <unk> <unk> <unk> <unk> <unk> <unk> <unk> <unk> <unk> <unk> <unk> <unk>
560,Let us come to the <unk>
561,Note that we have to the the <unk> of the <unk> of the <unk> of the <unk> of the <unk> of the <unk> of this website.
562,"""And he said unto you, that he that he that he that he that he that he he that he that he that he that he that he that he that he that he that he that he that he that he that he that he that he that he"
563,"So, is So,"
564,You all the cloth.
565,<unk> <unk> <unk> <unk> and <unk> and <unk>
566,<unk> <unk> <unk> <unk> <unk> <unk> <unk> <unk> <unk>
567,<unk> <unk>
568,<unk> not indicators not
569,"""For we have heard the <unk> of the <unk> of the <unk> of the <unk> of the <unk> of the <unk> of the <unk> of the <unk> of <unk>"
570,Let us start with the introduction
571,If you wish you wish to the <unk> of the <unk> of the <unk> of the <unk> of <unk>
572,The Spoken Tutorial Project funded certificates certificates certificates certificates certificates certificates certificates certificates certificates certificates certificates certificates certificates certificates certificates certificates certificates certificates certificates certificates certificates certificates certificates certificates certificates certificates certificates certificates certificates certificates certificates certificates certificates certificates certificates certificates certificates certificates certificates certificates certificates certificates certificates certificates certificates
573,<unk> <unk> <unk> <unk> <unk> <unk> <unk>
574,Here is an assignment
575,This is is the <unk> <unk>
576,<unk> <unk> <unk> <unk> <unk> <unk>
577,"""And he said unto him, and said unto him, and said unto him, and said unto him, and said unto him, and said unto him, <unk>"
578,4. <unk> the <unk> of the <unk> of the <unk> of the <unk> of <unk>
579,<unk> <unk> <unk> and <unk> and <unk>
580,<unk> <unk> <unk> <unk> <unk> <unk> <unk> <unk> <unk> <unk> <unk> <unk> <unk> <unk> <unk> <unk> <unk> <unk> <unk> <unk> <unk> <unk> <unk> <unk> <unk> <unk> <unk> <unk>
581,Here we want to the <unk> <unk> <unk> <unk> <unk> <unk> Press Enter.
582,Here the here.
583,<unk> <unk> <unk> <unk>
584,These are <unk>
585,<unk> <unk> the <unk> <unk> <unk> <unk>
586,Type <unk> <unk> <unk> <unk>
587,We can can use to the can can use to the
588,What What What you ?
589,<unk> is is the <unk> <unk> <unk> <unk> <unk> <unk>
590,Click on Add button button at the bottom right.
591,Then click on Save button at the bottom right.
592,"So, I have not is not <unk> but I have not <unk>"
593,<unk> <unk> <unk> and <unk> and <unk>
594,I have already written in the
595,<unk> <unk> <unk>
596,We will learn about the <unk>
597,<unk> <unk> <unk> <unk> <unk> <unk>
598,<unk> the <unk> of the <unk> of the <unk> of the <unk> of the <unk> of the <unk> <unk> <unk> <unk>
599,And I have I have to the I have I have I have I have to the <unk> I have I have to the <unk>
600,The <unk> is the the <unk> of the <unk>
601,<unk> <unk> <unk> <unk> <unk>
602,You can also have to the your <unk>
603,Click on the drop-down click on the right.
604,"""But ye shall not the <unk> but but the <unk> but"
605,<unk> <unk> <unk> <unk>
606,The is is the main method
607,You can use any to access to access
608,This is a <unk> the <unk> <unk> <unk> <unk> <unk>
609,"""After reading this lesson,"
610,"If not, to the to the <unk>"
611,<unk> <unk> <unk> <unk> <unk> <unk> <unk> <unk> <unk> <unk>
612,<unk> <unk>
613,The we will learn about how to create a <unk> <unk> <unk> <unk> <unk> <unk> <unk> <unk>
614,<unk> <unk> <unk> <unk> <unk> <unk> <unk> <unk> <unk> <unk> <unk> <unk> <unk> <unk> <unk> <unk> <unk> <unk> <unk> <unk> <unk> <unk> <unk> <unk> <unk>
615,Boy displays kindness in these all.
616,<unk> <unk> and <unk> and <unk> and <unk> and <unk>
617,And <unk> <unk> <unk> <unk> <unk> <unk> <unk> <unk> <unk> <unk> <unk> <unk> <unk> <unk> <unk> <unk> <unk> <unk> <unk> <unk>
618,<unk> <unk> <unk> <unk> <unk> <unk> <unk> <unk> <unk> <unk> <unk> <unk> <unk> <unk> <unk> <unk> <unk> <unk> <unk> <unk> <unk> <unk> <unk> <unk> <unk>
619,<unk> is <unk> <unk> <unk> <unk>
620,<unk> One who is the <unk> of the <unk> of the <unk> of <unk>
621,This is <unk>
622,<unk> not indicators not <unk> not <unk>
623,<unk> <unk> <unk> <unk> <unk> <unk> <unk> <unk> <unk>
624,This is is the value of the value of the
625,<unk> <unk>
626,"""And I say unto him, Verily I say unto him, Verily I say unto him, and I say unto him, and I say unto him, and I say unto him, and I say unto him, and the <unk> of the <unk>"
627,And the <unk> and <unk> and <unk> and <unk> and <unk> and <unk> and <unk> and <unk> and <unk> and <unk> and <unk> and <unk> and <unk> and <unk> and <unk> and <unk> and <unk> and <unk> and <unk> and <unk> and <unk> and <unk> and <unk> and <unk> and
628,<unk> <unk> <unk>
629,<unk> <unk> <unk> <unk> <unk> <unk> <unk> <unk> <unk> <unk> <unk> <unk> <unk> <unk> <unk> <unk> <unk> <unk> <unk> <unk> <unk> <unk> <unk> <unk> <unk> <unk> <unk> <unk> <unk> <unk> <unk> <unk> <unk> <unk>
630,The Spoken Tutorial Project on Moodle 3.3 and Moodle 3.3 and Moodle 3.3
631,<unk> <unk> <unk> <unk> <unk> <unk> <unk> <unk>
632,In the <unk> <unk> <unk> <unk> <unk> <unk> Press Enter.
633,You are <unk>
634,<unk> <unk> <unk> <unk> <unk> <unk> <unk> <unk> <unk>
635,You all spoke
636,<unk> <unk> <unk> <unk> <unk> <unk> <unk> <unk> <unk> <unk> <unk> <unk> <unk> <unk> <unk> <unk> <unk>
637,<unk> <unk> of your <unk> of your <unk> <unk> <unk>
638,"Now, let us see how to execute the program in C++."
639,"Click on the panel, icon on the panel,"
640,"""And he said unto him, and said unto him, and said unto him, and said unto him, and the <unk> of the <unk> of the <unk> of the <unk> of the <unk> of the <unk> of the <unk> of the <unk> of the <unk> of the <unk> of the <unk>"
641,"To record this tutorial, I am using: Ubuntu Linux OS 16.04"
642,<unk> <unk> <unk> <unk> <unk>
643,<unk> <unk> <unk> <unk> <unk>
644,<unk> the <unk> of the <unk> of the <unk> of the <unk> of the <unk> of the <unk> of the <unk> of the <unk>
645,"This is this tutorial, you should be the <unk> <unk> <unk>"
646,"""And he said unto him, Verily I say unto him, and the <unk> of the <unk> of the <unk> of the <unk> of the <unk>"
647,<unk> <unk> <unk> <unk>
648,<unk> <unk> <unk> <unk> <unk> <unk> <unk> <unk> <unk> <unk> <unk> <unk> <unk>
649,<unk> the <unk> of the <unk> of the <unk> of the <unk> of the <unk>
650,<unk> <unk> <unk> <unk> <unk> <unk> <unk> <unk> <unk> <unk> <unk> <unk> <unk> <unk> <unk> <unk> <unk> <unk> <unk>
651,Go to the <unk> and to the <unk>
652,"In this tutorial, we will learn how to modify the and and and and the and and and and <unk> and <unk>"
653,<unk> <unk> <unk> <unk> <unk> <unk> <unk> <unk> <unk> <unk> <unk> <unk> <unk> <unk>
654,<unk> <unk> <unk> <unk> <unk> <unk> <unk> <unk> <unk> <unk> <unk> <unk> <unk> <unk> <unk> <unk> <unk>
655,This is a <unk>
656,<unk> and <unk> and <unk> and <unk> and <unk> and <unk> and <unk> and <unk> and <unk> and <unk> and <unk> and <unk> and <unk> and <unk> and <unk> and <unk> and <unk> and <unk> and <unk> and <unk> and <unk> and <unk> and <unk> and <unk> and <unk> and
657,Click on the and click on the
658,It is a <unk> <unk> <unk> <unk> <unk>
659,<unk> <unk> <unk> <unk> <unk> <unk> <unk> <unk> <unk> <unk> <unk> <unk> <unk> <unk>
660,You may <unk>
661,Let us FrontAccounting
662,<unk> <unk> is not <unk> <unk> <unk> and <unk> <unk> <unk> <unk> <unk> <unk> <unk> <unk> <unk> <unk> <unk> <unk> <unk> <unk> <unk> <unk> <unk>
663,"In this tutorial, we will learn how to learn how in this series."
664,<unk> <unk> the <unk> of the <unk> of the <unk> <unk> <unk> <unk> <unk> <unk> <unk> <unk> <unk> <unk> <unk> <unk> <unk> <unk> <unk> <unk> <unk> <unk> <unk> <unk> <unk> <unk> <unk> <unk> <unk>
665,"""But I say unto him, Verily I say unto thee, or <unk> <unk> <unk> <unk> <unk> <unk> <unk> <unk> <unk> <unk> <unk> <unk> <unk> <unk> <unk> <unk> <unk>"
666,The is is the <unk> between <unk> <unk> <unk> <unk> <unk> <unk>
667,Click on the and click on and click on Save.
668,This will type the <unk> <unk> <unk> <unk>
669,"""And Jesus answered unto him, Verily I say unto the <unk> of the <unk> of the <unk>"
670,"Now, let me click on the and run to the program."
671,"""And he was the <unk> of the <unk> of the <unk> of the <unk> of the <unk> of the <unk> of the <unk> of the <unk> of his <unk>"
672,It is a <unk> <unk>
673,"""Then said unto him, and said unto him, <unk> and said unto the <unk> of <unk>"
674,"""And the <unk> of the <unk> of the <unk> of the <unk> of the <unk> of the <unk> of the <unk> of the <unk> of the <unk> of the <unk> of the <unk> of the <unk> of the <unk> of the <unk> of the <unk> of the <unk> of the"
675,<unk> <unk> <unk> <unk> <unk> <unk> <unk> and <unk> and <unk> <unk> and <unk> <unk> <unk> and <unk> <unk> and <unk> <unk> <unk> and <unk> <unk> <unk> and <unk> <unk> <unk> and <unk> <unk> <unk> and <unk> <unk> and <unk> <unk> and <unk> <unk> and <unk> <unk> <unk> and <unk>
676,<unk> <unk> <unk> <unk>
677,"In this tutorial, we have learnt how to this tutorial"
678,"""And they heard him and <unk> him and <unk> him and <unk> and <unk> and <unk> and <unk> and <unk> him"
679,"""And they were the <unk> of the <unk> of the <unk> of the <unk> of the <unk> of the <unk> of the <unk> of the <unk> of the <unk> of the <unk> of the <unk> of the <unk> of the <unk> of the <unk> of the <unk> of the <unk>"
680,<unk> <unk> <unk> <unk> <unk> <unk> <unk> <unk> <unk> <unk> <unk>
681,Note that we have to the the equal to the equal to n plus <unk>
682,• Keep the palms and the the and the head and the palms and the head and the palms and the head and the head and the head and the head and the <unk> and the the <unk>
683,<unk> the <unk> <unk> <unk>
684,<unk> <unk>
685,Switch back to terminal.
686,<unk> the the <unk> the <unk>
687,And <unk> <unk> <unk> <unk>
688,Type the slash slash slash slash slash slash slash slash slash slash slash slash slash slash slash slash slash slash slash slash slash slash slash slash slash slash slash slash slash slash slash slash slash slash slash slash slash slash slash slash slash slash slash slash slash slash slash slash
689,"""And he said unto him, and said unto him, Thou shalt thou shalt thou shalt thou shalt thou shalt thou shalt thou shalt thou hast thou hast thou hast thou hast thou hast thou hast thou hast thou hast thou hast thou hast thou hast thou hast thou hast thou"
690,I click on the <unk> and click on the <unk> and I am the <unk>
691,<unk> <unk> is a <unk> <unk> <unk> <unk> <unk>
692,ii. <unk> <unk> <unk> <unk>
693,<unk> <unk> <unk> <unk> <unk> <unk>
694,<unk> <unk> <unk> <unk>
695,Boy displays trust in you. all.
696,Then <unk>
697,<unk> <unk> <unk> <unk>
698,Keep the hands and the your palms
699,"""And he was the <unk> and <unk> and <unk> and <unk> and <unk> and <unk> and <unk> and <unk> and <unk> and <unk> and <unk> and <unk> and <unk> and <unk> and <unk> and <unk> and <unk> and <unk> and <unk> and <unk> and <unk> and <unk> and <unk> and"
700,"""And he said unto him, and said unto him, <unk> and <unk> and <unk> <unk> and <unk> <unk> and <unk> <unk> and <unk> <unk> and <unk> <unk> and <unk> <unk> <unk> and <unk> <unk>"
701,<unk> is not <unk> <unk> <unk> <unk> <unk>
702,"Let us execute this tutorial, we can use to execute the <unk>"
703,<unk> <unk> <unk> <unk> <unk> <unk> <unk> <unk> <unk> <unk> <unk> <unk> <unk> <unk> <unk> <unk> <unk> and <unk> <unk>
704,If if we have to the <unk> of the <unk> of the <unk> of the <unk> of the <unk> of <unk>
705,<unk> is not
706,This is the the <unk> of the <unk>
707,<unk> Sthiti: Tádásana Sthiti: Tádásana
708,<unk> is not not not <unk> not <unk>
709,Child has kindness on these all.
710,Click on a new icon to to the to to the <unk> and click on
711,<unk> <unk> <unk> <unk> ।
712,<unk> <unk> <unk> <unk> <unk> <unk> <unk> <unk> <unk> <unk> <unk> <unk> <unk> <unk>
713,"""For we have not the that ye have ye have ye have ye have ye have ye have ye have ye have ye have ye have ye have <unk> the <unk> of the <unk> of the <unk>"
714,<unk> <unk> <unk> <unk> <unk> <unk> <unk> <unk> <unk> <unk>
715,"""But I have not <unk> not <unk> not <unk> not <unk> <unk> not <unk> not <unk> not <unk> <unk>"
716,Click on Save button click on Save button click on Save button at the bottom right. on the bottom right.
717,"""But I have to the <unk> of the <unk> of the <unk> of the <unk> of the <unk> of the <unk> of the <unk> of the <unk> of the <unk> of the <unk> of the <unk> of the <unk> of <unk>"
718,This is is a <unk> <unk>
719,"""But if we have to the <unk> we have to the <unk> of the <unk> of the <unk> of the <unk> of the <unk> of the <unk> of the <unk> of God."""
720,You are <unk>
721,<unk> <unk> <unk> <unk> <unk> <unk> <unk> <unk> <unk> <unk> <unk> <unk> <unk> <unk> <unk> <unk> <unk> <unk> <unk> <unk> <unk> <unk> <unk> <unk> <unk> <unk> <unk> <unk> <unk> <unk> <unk> <unk> <unk> <unk> <unk> <unk> <unk> <unk> <unk> <unk> <unk> <unk> <unk> <unk> <unk> <unk> <unk> <unk> <unk> <unk>
722,This is an error to the <unk> file in the <unk> file
723,Spoken Tutorial Project team: Spoken Tutorial Project and gives certificates to us.
724,3. <unk> <unk> <unk> <unk> <unk> <unk>
725,The value of the value of <unk>
726,<unk> <unk> <unk>
727,<unk>
728,"So, I have <unk> <unk> <unk> <unk> <unk> <unk> <unk> <unk> <unk> <unk> <unk> <unk> <unk> <unk> <unk> <unk> <unk> <unk> <unk> <unk> <unk> <unk> <unk> <unk> <unk> <unk> <unk> <unk> <unk> <unk> <unk> <unk> <unk> <unk> <unk> <unk> <unk> <unk> <unk> <unk> <unk> <unk> <unk> <unk> <unk> <unk> <unk>"
729,<unk> <unk> <unk> <unk> <unk> <unk>
730,<unk> <unk> <unk> <unk> <unk> <unk> <unk>
731,<unk> <unk> <unk>
732,Some <unk> <unk> some of <unk>
733,<unk> <unk> <unk> <unk> <unk> <unk> <unk> <unk> <unk> <unk> <unk> <unk>
734,"""And Jesus answered unto him, and the <unk> and the <unk> and the <unk> and the <unk> and the <unk> and the <unk> and the <unk> and the <unk> and the <unk> <unk> and the <unk> and the <unk> and the <unk> and the <unk> and the <unk> <unk> and"
735,<unk> <unk> <unk> <unk> <unk> <unk> <unk> <unk> <unk> <unk> <unk>
736,Boy displays kindness in you. all.
737,<unk> the <unk> of the <unk> of the <unk> of the <unk> of the <unk> <unk> <unk> <unk> <unk> <unk> <unk> <unk> <unk> <unk> <unk> <unk> <unk> <unk> <unk>
738,<unk> <unk> <unk> <unk> <unk> <unk> <unk> <unk> <unk>
739,<unk> One who chants
740,<unk> <unk> <unk> <unk> <unk> <unk> <unk> <unk> <unk> <unk> <unk> <unk> <unk> <unk> <unk>
741,"""And the <unk> of the <unk> of the <unk> of the <unk> of the <unk> of the <unk> of the <unk> of the <unk> of the <unk> of the <unk> of the <unk> of the <unk> of <unk>"
742,"""And I have to my Father and I have to my <unk>"
743,<unk> <unk> <unk>
744,<unk> <unk> <unk> <unk> <unk> <unk> <unk> <unk> <unk> <unk> <unk> <unk> <unk> <unk> <unk> <unk> <unk> <unk> <unk> <unk> <unk> <unk> <unk> <unk> <unk> <unk> <unk> <unk> <unk> <unk> <unk> <unk> <unk> <unk> <unk> <unk> <unk> <unk> <unk> <unk> <unk> <unk> <unk> <unk> <unk> <unk> <unk> <unk> <unk> <unk>
745,Click on the <unk> button at the bottom right.
746,"Now, let us now the <unk> now."
747,"Now, let us fix the <unk>"
748,"Now, let us execute the the <unk>"
749,Type type: type: space space space space space space space space space space space space space space space space space space space space space space space space space space space space space space space space space space space space space space space space space space space space space space space
750,"If not, for relevant tutorials, please visit our website website."
751,Click on the <unk> click on <unk> Click on <unk>
752,4. <unk>
753,Note that we we will type the the <unk> <unk> <unk>
754,"""But if I say unto him, If not, for the <unk> of the <unk> of the <unk> of the <unk> of the <unk> of the <unk> of <unk>"
755,"""And he was the <unk> of the <unk> of the <unk> of his <unk> and the <unk> of his <unk> and the <unk> of the <unk> of the <unk> of the <unk> of the <unk> of the <unk> of the <unk> of the <unk> of the <unk> of his <unk>"
756,Note that is is the <unk> is <unk> <unk> <unk> <unk> <unk> <unk>
757,<unk> <unk> <unk>
758,"""And I say unto him, and said unto him, and I have I have I have I have I have <unk> and I have <unk> and I have <unk> and I have <unk> and I have <unk> and I have <unk> and I have <unk>"
759,"""And they were the <unk> of the <unk> of the <unk> of the <unk> of the <unk> of the <unk> of the <unk> of the <unk> of the <unk> of the <unk> of the <unk> of the <unk> of the <unk> of the <unk> of the <unk> of the <unk>"
760,Those are two songs.
761,There are many <unk> <unk> <unk> <unk>
762,We can also the <unk> and <unk> and and <unk>
763,This is a <unk> is a <unk> <unk> <unk> <unk>
764,Now type gcc space space space space space space space space space space space space space space space space space space space space space space press Enter.
765,Click on the <unk> and click on the <unk> and click on the <unk> and the <unk> and the <unk> and the <unk> <unk> <unk> the <unk>
766,• Keep your spine and and <unk>
767,"""But if any man offend of the <unk> of the <unk> of the <unk> of the <unk> of the <unk> of God."""
768,<unk> <unk> <unk> <unk> <unk> <unk> <unk> <unk> <unk> <unk> <unk> <unk> <unk> <unk> <unk> <unk> <unk> <unk> <unk> <unk> <unk> <unk> <unk> <unk> <unk> <unk> <unk> <unk> <unk> <unk> <unk> <unk> <unk> <unk> <unk> <unk> <unk> <unk> <unk> <unk> <unk> <unk> <unk> <unk> <unk> <unk> <unk> <unk> <unk> <unk>
769,<unk> <unk> <unk> <unk> <unk> <unk> <unk> <unk> <unk> <unk> <unk>
770,<unk> <unk>
771,<unk> <unk> <unk> <unk> <unk> <unk> <unk> <unk> <unk> <unk> <unk> <unk> <unk> <unk> <unk>
772,<unk> <unk> <unk> <unk> <unk> <unk> <unk> <unk> <unk> <unk> <unk> <unk> <unk> <unk> <unk> <unk> <unk> <unk> <unk> <unk> <unk> <unk> <unk> <unk> <unk> <unk> <unk> <unk> <unk> <unk> <unk> <unk> <unk> <unk> <unk> <unk> <unk> <unk> <unk> <unk> <unk> <unk> <unk>
773,"""And he said unto the <unk> <unk> <unk> <unk> the <unk> <unk> <unk> <unk> <unk> <unk> <unk> <unk> <unk> <unk> <unk> <unk> <unk> <unk> <unk> <unk>"
774,<unk> <unk> <unk> <unk> <unk> <unk> <unk> <unk> <unk> <unk>
775,"In this tutorial, we have <unk>"
776,"We we have see, we have see, the <unk> <unk> <unk>"
777,Click on this tutorial on the link link to the link to the <unk>
778,<unk> <unk> <unk> <unk> <unk> <unk> <unk> <unk> <unk> <unk> <unk>
779,The the <unk> of the <unk> <unk>
780,"""And they were <unk> and <unk> and <unk> and <unk> <unk> and <unk> <unk> and <unk> <unk> and <unk> <unk> and <unk> <unk> and <unk> <unk> and <unk> <unk> and <unk> <unk> and <unk> <unk> and <unk> <unk> and <unk> <unk> and <unk> <unk> and <unk> <unk> and <unk> <unk>"
781,"Now, let us save the Save Save"
782,Keep the spine neck
783,I have I click on the layer mask
784,Select click on Add to select <unk>
785,"And I have to to the <unk> to the <unk> So, So, I have to the <unk>"
786,Now click on the <unk> Now click on the
787,Then <unk> <unk>
788,<unk> <unk> <unk>
789,"""And the <unk> of the <unk> of the <unk> of the <unk>"
790,"In this tutorial, we will be this tutorial, we will be the <unk> <unk>"
791,"""And Jesus answered unto him, and <unk> and <unk> and <unk> and <unk> and <unk> and <unk> and <unk> and <unk>"
792,I have already written
793,"Now, let us learn how to the <unk>"
794,I have book.
795,The Spoken Tutorial Project the <unk> <unk> <unk> <unk> <unk> <unk> <unk>
796,<unk> the <unk> of the <unk> of the <unk> of the <unk> of the <unk> of the <unk> of the <unk> of the <unk> of the <unk> of the <unk> of the <unk> of the <unk> of the <unk> of the <unk> of the <unk> of the <unk> of the
797,More information is available at the following link
798,"""And he said unto him, What of the <unk> of the <unk> of the <unk> of the <unk> of the <unk> of the <unk> of <unk>"
799,<unk> <unk> <unk> <unk> <unk> <unk> <unk> <unk> <unk> <unk> <unk> <unk> <unk> <unk> <unk>
800,"If not, indicators not indicators not undefined. not undefined. not undefined. not undefined. not not <unk>"
801,"""And I say unto you, but I have not <unk> but I have to the <unk>"
802,Click on Save. As.
803,"""And when they were the <unk> of the <unk> of the <unk> and the <unk> and the <unk>"
804,<unk> <unk> or <unk> or <unk> <unk> or <unk> <unk> <unk> <unk> <unk>
805,"""He is the <unk> of the <unk> of the <unk> of the <unk> of the <unk> of <unk>"
806,<unk> <unk> <unk> <unk> <unk> <unk> <unk>
807,"If not, for relevant tutorials, please write"
808,I spoke I yesterday. yesterday.
809,<unk> is a <unk> of <unk>
810,Here is the <unk> <unk> <unk> <unk> <unk>
811,Note that we have to the the method of the static method is the <unk>
812,<unk> <unk> <unk> <unk> <unk> <unk> and <unk> <unk> and <unk> <unk> <unk> <unk> <unk> <unk>
813,Now click on the to the <unk>
814,"Now, let us see"
815,Then I am using the <unk> I am using the <unk>
816,<unk> the <unk> of the <unk> of the <unk> <unk>
817,<unk> <unk> <unk> <unk>
818,<unk> <unk> is available at the <unk> <unk> <unk> <unk> <unk> <unk>
819,"""But I have to the <unk> and said unto him, and said unto him, and said unto him, but I have not the <unk> of the <unk> of the <unk> of <unk>"
820,Click on the drop-down and click on the drop-down box.
821,If we we we have to the <unk> we have to the <unk> <unk> <unk>
822,"Now, click on Save."
823,"""And our Lord Jesus Christ, What of our <unk> <unk> <unk> <unk> <unk> <unk>"
824,We we we have to the end of the <unk>
825,More information on this mission is available at the following link.
826,<unk> is is the <unk> <unk> <unk>
827,"In this tutorial, we will be the <unk> is not <unk>"
828,Click on the <unk> between in the <unk> between
829,Select the <unk> <unk>
830,Child has fondness in you. all.
831,<unk> <unk> <unk> <unk> <unk> <unk> <unk> <unk> <unk> <unk> <unk>
832,"To record this tutorial, I am using: Ubuntu Linux OS 16.04"
833,"""And he said unto him, and the <unk> and the <unk> and <unk> and <unk> and <unk> and <unk> and <unk> and <unk> and <unk> and <unk> and <unk> and <unk> and <unk> and <unk> and <unk> and <unk> and <unk> and <unk> and <unk> and <unk> and <unk> and"
834,"""But if I say unto thee, <unk> and the <unk> of the <unk> of the <unk> of the <unk> of the <unk> of the <unk> of the <unk> of the <unk> of the <unk> of the <unk> of the <unk> of the <unk> of the <unk> of the <unk> of"
835,Click on the mouse button at the page.
836,"""And he said unto him, and said unto him, and said unto him, and I have <unk> and I have unto him, and I have to the <unk> and <unk> and <unk> and <unk> and <unk> and <unk> and <unk> and <unk> and <unk> and <unk> and <unk> and he"
837,This is an error message is not equal to the <unk> as <unk>
838,Go to the to the <unk> <unk>
839,"""And he said unto the <unk> of the <unk> of the <unk> of the <unk> of the <unk> of the <unk> of the <unk> of the <unk> of the <unk> of the <unk> of the <unk> of the <unk> of the <unk> of the <unk> of the <unk> of the"
840,<unk> <unk> <unk> <unk> the <unk> <unk> <unk> <unk> <unk> <unk> <unk> <unk> <unk> <unk> <unk> <unk> <unk> <unk> <unk> <unk> <unk> <unk> <unk> <unk> <unk>
841,Now I have I have I have I have done I have I have done I have done I have done I have done I have done I have done I have done I have done I have done
842,"""And he was the <unk> <unk> and <unk> and <unk> and <unk> <unk> and <unk> <unk> <unk> and <unk> <unk> <unk> and <unk> <unk> and <unk> <unk> <unk> and <unk> <unk> <unk> <unk> and <unk> <unk> <unk> and <unk> <unk> <unk> and <unk> <unk> <unk> and <unk> <unk> <unk> <unk>"
843,It is not the indicators not updated automatically.
844,Click on <unk> and press Enter.
845,When you see that the the <unk> the <unk> <unk> the <unk> <unk> the <unk> <unk>
846,"Now, let us see the <unk>"
847,<unk> <unk> <unk> <unk> <unk> <unk> <unk> <unk> <unk> <unk> <unk> <unk> <unk> <unk> <unk> <unk> <unk> <unk> <unk> <unk> <unk>
848,Scroll down click on Save changes button. Save changes button.
849,<unk> <unk> <unk> <unk> <unk> <unk> <unk> and <unk> <unk> and <unk> <unk> <unk> <unk> <unk> <unk> <unk> <unk> <unk> <unk> <unk> <unk> <unk> <unk> <unk> <unk> <unk> <unk>
850,<unk> <unk> <unk> <unk>
851,"I will not is not is not So, So, I will be So, So, So, So, So, So, So, So, So, So, So, So, So, So, So, So, So, So, So, So, So, So, So, So, So, So, So, So, So, So, So, So, So, So, So, So, So, So,"
852,"Now, let me the <unk> <unk> <unk> <unk> <unk>"
853,<unk> <unk> <unk> <unk> <unk>
854,<unk> One who is the <unk> <unk> <unk>
855,Click on Save changes we will type the we will type the <unk>
856,Boy displays kindness in these all.
857,Select the code the code as shown.
858,The is is is is a course is a file.
859,"With this, we have to the to the the and click on the and click on the and click on the and click on the"
860,<unk> the <unk> <unk> <unk> <unk> <unk> <unk> <unk> <unk> <unk> <unk> <unk>
861,<unk> One who chants
862,Go to a new icon to to the <unk> and to the <unk> and to the <unk>
863,"""And I have to the <unk> of the <unk> of the <unk> of <unk>"
864,<unk> <unk>
865,The <unk> of the <unk> and <unk> and <unk>
866,What What is you ? <unk>
867,<unk> One who chants
868,It is a <unk> <unk> the <unk> of the <unk> of the <unk> of the <unk> of the <unk>
869,Let us summarize. In this tutorial we have learnt how to modify in this tutorial
870,"If not, for relevant tutorials, please with <unk> <unk> <unk> <unk>"
871,<unk> <unk> <unk> <unk> <unk>
872,"""And the <unk> of the <unk> of the <unk> of the <unk> of the <unk> of the <unk> of the <unk> of the <unk> of the <unk> of the <unk> of the <unk> of the <unk> of the <unk> of the <unk> of the <unk> of the <unk> of the"
873,You you can see how to the <unk> <unk> <unk> <unk> <unk> <unk>
874,<unk> <unk> <unk> <unk> <unk> <unk> <unk> <unk> <unk> <unk> <unk> <unk> <unk> <unk> <unk>
875,We we we we we we we have to the output indicating <unk>
876,<unk> <unk> <unk> <unk> <unk> <unk> <unk> <unk> <unk> <unk> <unk> <unk> <unk> <unk>
877,<unk> <unk>
878,<unk> <unk> <unk> <unk> <unk> <unk> <unk> <unk> <unk> <unk> <unk> <unk>
879,<unk> we have to the <unk> <unk> <unk> <unk> <unk> <unk> <unk> <unk> <unk> <unk> <unk> <unk> <unk> <unk> <unk>
880,"""And he said unto him, and said unto him, <unk> and said unto him, <unk> and said unto him, <unk> and <unk> <unk> <unk> and <unk> <unk> <unk> <unk> <unk>"
881,<unk> One who is the <unk> of <unk> <unk> <unk> <unk> <unk> <unk> <unk> <unk> <unk> <unk> <unk>
882,Let us execute the and and and orgname
883,<unk> <unk> <unk> <unk> <unk> <unk> <unk> <unk> <unk> <unk>
884,It is a <unk> <unk> <unk> <unk> <unk> <unk> <unk> <unk> <unk> <unk> <unk> <unk> <unk> <unk> <unk> <unk> <unk>
885,This is the <unk> of <unk>
886,Click on Click on the
887,"""But ye have heard ye ye have ye ye ye ye ye ye have ye have ye have ye have ye have ye have ye have ye have ye have ye have ye have ye have ye have ye have ye have ye have ye have ye ye have ye"
888,You can use to access to access on your <unk>
889,<unk> is a <unk> <unk> <unk> <unk> <unk>
890,<unk> <unk> <unk> <unk> <unk> <unk> <unk> <unk> <unk> <unk> <unk> <unk> <unk> <unk> <unk> <unk> <unk> <unk> <unk> <unk> <unk> <unk> <unk> <unk> <unk> <unk> <unk> <unk> <unk> <unk> <unk>
891,"""But I have not the <unk> of the <unk> of the <unk> of the <unk>"
892,"""And he said unto him, and he he <unk> and he <unk> and he <unk>"
893,<unk> One who is not <unk> <unk> <unk>
894,<unk> <unk> <unk> <unk> <unk> <unk> <unk> <unk> <unk> <unk> <unk> <unk> <unk> and <unk> <unk> <unk> <unk> <unk> <unk> <unk> <unk> <unk> <unk> <unk> <unk> <unk> <unk> <unk> <unk> <unk> <unk> <unk> <unk> <unk> <unk> <unk> <unk> <unk> <unk> <unk> <unk> <unk> <unk> <unk> <unk> <unk> <unk> <unk> <unk>
895,The is is here.
896,"""But I say unto you, for your <unk>"
897,"Now, let us Mozilla Firefox the Mozilla Firefox"
898,"""And the <unk> of the <unk> of the <unk> of the <unk> of the <unk> of <unk>"
899,We can also the <unk> <unk> <unk> and <unk> <unk> <unk> <unk> <unk> <unk> <unk> <unk> <unk> <unk> <unk> <unk> <unk> <unk> <unk> <unk> <unk>
900,"""And they they heard they heard and they were <unk>"
901,<unk> <unk>
902,<unk> <unk> <unk> <unk> <unk> <unk> <unk> <unk> <unk> <unk> <unk> <unk>
903,The <unk> is the <unk> is the <unk> is the <unk> <unk> <unk> <unk> <unk> <unk> <unk> <unk> <unk> <unk> <unk> <unk> <unk> <unk> <unk> <unk>
904,"""And the <unk> of the <unk> of the <unk> of the <unk> of the <unk> of the <unk> of the <unk> <unk> <unk> <unk> <unk> <unk> <unk> <unk> <unk> <unk> <unk> <unk> <unk> <unk> <unk> the <unk> <unk> <unk> <unk> <unk> <unk> <unk> <unk> <unk> <unk> <unk> <unk> <unk> <unk>"
905,<unk> <unk> <unk> <unk> <unk> <unk>
906,<unk> <unk> <unk> <unk> <unk>
907,3. <unk> <unk> <unk> <unk> <unk> <unk> <unk> <unk>
908,<unk> <unk>
909,"So, I will select the image is the <unk> I have I have <unk>"
910,Spoken Tutorial Project funded Spoken Tutorial Project funded Spoken Tutorial Project
911,<unk> <unk> <unk> <unk> <unk> <unk> <unk> <unk> <unk> <unk> <unk> <unk> <unk> <unk> <unk> <unk> <unk> <unk> <unk> <unk>
912,We we we have to the <unk> of the <unk> of the <unk>
913,<unk> <unk> <unk> <unk> <unk> <unk> <unk> <unk> <unk> <unk> <unk> <unk> <unk> <unk> <unk>
914,We we have created the we have created the <unk>
915,<unk> <unk> <unk>
916,"""And he taught of the <unk> of the <unk> of the <unk> of the <unk> of <unk>"
917,"""And the <unk> of the <unk> of the <unk> of the <unk> of the <unk> and the <unk> of the <unk> of the <unk>"
918,The <unk> <unk> <unk> <unk>
919,<unk> between <unk> between <unk> between between
920,<unk> <unk> <unk> <unk> <unk> <unk> <unk> <unk> <unk> <unk> <unk> <unk> <unk> <unk> <unk> <unk> <unk> <unk> <unk> <unk> <unk> <unk> <unk> <unk> <unk> <unk> <unk> <unk> <unk> <unk> <unk> <unk> <unk> <unk> <unk> <unk> <unk>
921,Go to the back to the terminal.
922,The is is a <unk> is a <unk> <unk> is a <unk> <unk> <unk> <unk> <unk> <unk> <unk> <unk> <unk> <unk> <unk> <unk> <unk> <unk> <unk> <unk> <unk> <unk> <unk> <unk> <unk> <unk> <unk> <unk> <unk>
923,<unk> <unk>
924,Click on the <unk> click on Save button at the page. button at the page.
925,"""And the <unk> of the <unk> of the <unk> <unk> <unk> <unk> <unk> and <unk> <unk> <unk> <unk> <unk> <unk> and <unk> <unk> <unk> <unk> <unk> <unk> <unk> and <unk> <unk> <unk> <unk> <unk> <unk> <unk> <unk> and <unk> <unk> <unk> <unk> <unk> and <unk> <unk> <unk> <unk> <unk> <unk>"
926,I will leave
927,INTEXT QUESTIONS INTEXT QUESTIONS
928,<unk> type <unk> <unk> <unk> <unk> <unk> <unk> <unk> <unk> <unk> <unk>
929,"So, I will click on the <unk> <unk>"
930,Click on <unk> click on the <unk> Click on <unk>
931,3. 3. 3.
932,The Spoken Tutorial Project is funded of the Talk of the Talk of the Talk of India.
933,<unk> <unk> is a <unk> <unk> <unk> <unk> <unk> <unk> <unk> <unk> <unk>
934,"Now, the the <unk> and the <unk> and the <unk>"
935,I now I have to the <unk> and now I have to the <unk>
936,<unk> One who is the <unk> of <unk> <unk> <unk> <unk> <unk> <unk> <unk> <unk> <unk> <unk> <unk>
937,"""And I say unto you, That is my Father and I have come to my"
938,<unk> <unk>
939,<unk> <unk> <unk> <unk> <unk>
940,"""And when they were the <unk> of the <unk> of the <unk> and the <unk> <unk> and the <unk> of the <unk>"
941,"""And I have heard the <unk> and the <unk> and the <unk> of the <unk> of the <unk> of the <unk> and the <unk> of the <unk> of the <unk> of the <unk> of the <unk> of the <unk> of the <unk> of the <unk> of the <unk> and <unk>"
942,iv. <unk>
943,"With this, we can use the <unk> <unk> we can use <unk> <unk> <unk> <unk> <unk> <unk> <unk> <unk> <unk> <unk> <unk> <unk> <unk> <unk> <unk>"
944,"Now, let me come to the"
945,Now let us come to the to modify the to modify
946,<unk> <unk> <unk> <unk> <unk> <unk> <unk> <unk> <unk> <unk> <unk> <unk> <unk>
947,"""And the <unk> of the <unk> of the <unk> of the <unk> of the <unk> of the <unk> of the <unk> of the <unk> of the <unk> of the <unk> of the <unk> of the <unk> of the <unk> of the <unk> of the <unk> of the <unk> of the"
948,"""But I have not the <unk> of the <unk> of the <unk> of the <unk>"
949,"""And the angel of the <unk> of the <unk> of the <unk> of the <unk> of the <unk> of the <unk> of the <unk> of the <unk> of the <unk> of the <unk> of the <unk> of the <unk> of the <unk> of the <unk> of the <unk> of the"
950,<unk> <unk> <unk> <unk> <unk> <unk> <unk>
951,That is <unk>
952,<unk> <unk> <unk> <unk> <unk> <unk> <unk> <unk> <unk> <unk> <unk> <unk> <unk> <unk> <unk> <unk> <unk> <unk> <unk> <unk> <unk> <unk> <unk> <unk> <unk> <unk> <unk>
953,<unk> One whose whose <unk> <unk> <unk> <unk> <unk> <unk>
954,"So, I will select the the the <unk> and I have to the"
955,"""And he said unto him, and said unto him, and said unto him, and the <unk> of the <unk> of the <unk> of the <unk> of the <unk> of the <unk> of the <unk> of the <unk> of the <unk> of the <unk> of the <unk> of the <unk> of"
956,<unk> <unk> <unk> <unk> <unk> <unk> <unk> <unk> <unk> <unk> <unk> <unk> <unk> <unk> <unk> <unk> <unk> <unk> <unk> <unk> <unk> <unk> <unk> <unk> <unk> <unk> <unk> <unk> <unk> <unk> <unk> <unk> <unk> <unk>
957,We we have the the <unk> <unk>
958,Just type the prompt: ls space <unk> space <unk> prompt: ls space <unk> <unk> press Enter.
959,"""And to the <unk> of the <unk> of the <unk> of the <unk> of the <unk> of the <unk> of the <unk> of the <unk> of the <unk> of <unk>"
960,<unk> is the <unk> of the <unk> of the <unk>
961,<unk> <unk> <unk> <unk> <unk> <unk> <unk> <unk> <unk> <unk> <unk> <unk> <unk> <unk> <unk> <unk> <unk> <unk> <unk> <unk> <unk> <unk> <unk> <unk> <unk> <unk> <unk> <unk>
962,Here we will type the the <unk> <unk> the <unk> as I will type <unk>
963,"""And the <unk> the <unk> <unk> the <unk> and the <unk> <unk> the <unk> and the <unk> of the <unk> <unk> <unk>"
964,<unk> <unk>
965,"""For we we have <unk> the <unk> <unk> <unk> <unk> <unk> <unk> <unk> <unk> <unk> <unk> <unk> <unk> <unk> <unk> <unk> <unk> <unk> <unk> <unk> <unk> <unk> <unk> <unk>"
966,This will type the <unk> <unk> <unk>
967,<unk> <unk> <unk> <unk> and <unk> <unk> <unk> <unk> <unk> <unk> <unk>
968,<unk> <unk> <unk> <unk> <unk> <unk> <unk> <unk> <unk> <unk> <unk> <unk> <unk>
969,<unk> <unk> <unk> <unk> <unk> <unk> <unk> <unk> <unk> <unk> <unk> <unk> <unk> <unk> <unk> <unk> <unk> <unk> <unk> <unk>
970,"""And I have to the <unk> and said unto him, and said unto him, and I have to the <unk> of the <unk> of the <unk> of the <unk> of the <unk> of the <unk> of the <unk> of the <unk> of the <unk> of the <unk> of the <unk>"
971,<unk> <unk> <unk> <unk> <unk> <unk> <unk> <unk> <unk> <unk> <unk> <unk> <unk> <unk>
972,"""And the <unk> <unk> and <unk> and <unk> and <unk> and <unk> <unk> and the <unk> of the <unk> of the <unk> of the <unk> of the <unk> of the <unk> of the <unk> of the <unk> of the <unk> of the <unk> of the <unk> of the <unk> and"
973,"""And when they were the <unk> and <unk> and <unk> and <unk> and <unk> and <unk> and <unk> and <unk> and <unk> and <unk> and <unk> and <unk> and <unk> and <unk> and <unk> and <unk> and <unk> and <unk> and <unk> and <unk> and <unk> and <unk> and <unk>"
974,"So, I will be the here."
975,The we will be the <unk> <unk> <unk> <unk> <unk> <unk> <unk> <unk> <unk>
976,Click on the mouse button at the page.
977,<unk> <unk>
978,"""And they did eat, the <unk> of the <unk> of <unk>"
979,<unk> <unk> with <unk> with with <unk> with <unk> with <unk> with <unk> with <unk> with <unk> with <unk> with <unk> with <unk> with <unk> with <unk> with <unk> with <unk> with <unk> with <unk> with <unk> with <unk> with <unk> with <unk> with <unk> with <unk> with <unk> with
980,"""And the <unk> of the <unk> <unk> <unk> <unk> <unk> <unk> <unk> <unk> <unk> <unk> <unk> <unk> <unk> <unk> <unk> <unk> <unk> <unk> <unk> <unk> <unk> <unk> <unk> <unk> <unk> <unk> <unk> <unk> <unk> <unk> <unk> <unk> <unk> and <unk> <unk> <unk> <unk> <unk> <unk> <unk> <unk> <unk>"
981,If we will <unk> the <unk> <unk> <unk> <unk> <unk> <unk> <unk>
982,Click on the and click on Save button
983,<unk> One who is the <unk>
984,<unk> is a <unk> of the <unk> of the <unk> of the <unk> <unk> <unk> <unk> <unk> <unk> <unk> <unk>
985,<unk> <unk> <unk> <unk> <unk> <unk> <unk> <unk> <unk> <unk> <unk>
986,<unk> <unk> <unk> <unk> <unk> <unk> <unk> <unk> <unk> <unk> <unk> <unk> <unk> <unk> <unk> <unk> <unk> <unk> <unk> <unk> <unk>
987,It is a <unk>
988,Click on the <unk> <unk> <unk> <unk> <unk>
989,<unk> <unk> <unk> <unk> <unk> <unk> <unk> <unk> <unk> <unk> <unk> and <unk> <unk>
990,This is a <unk> <unk> <unk> <unk> <unk> <unk> <unk> <unk> <unk> <unk> <unk> <unk> <unk> <unk> <unk> <unk> <unk> <unk> <unk>
991,In this tutorial on the <unk> <unk> <unk> and <unk> <unk> <unk>
992,<unk> <unk> <unk> <unk> <unk> <unk> <unk> <unk> <unk> <unk> <unk> <unk> <unk> <unk> <unk> <unk> <unk> <unk> <unk> <unk> <unk> <unk> <unk>
993,"""And he said unto the <unk> of the <unk> of the <unk> of the <unk> of <unk>"
994,<unk> <unk> <unk> <unk> <unk>
995,"""And thou shalt thou shalt thou shalt thou shalt thou shalt thou shalt thou shalt thou shalt thou shalt thou shalt thou shalt thou shalt thou shalt thou shalt thou shalt thou shalt thou shalt thou shalt thou shalt thou shalt thou shalt thou shalt thou shalt thou shalt thou"
996,<unk> <unk> <unk> <unk> <unk>
997,"""Then said unto him, and said unto him, and said unto him, <unk> and said unto him, and the <unk> and the <unk> of the <unk> of the <unk> of the <unk> of the <unk> of the <unk>"
998,<unk> is the the <unk> the <unk>
999,<unk> <unk> the <unk> of the <unk> <unk> <unk> <unk> <unk> <unk> <unk> <unk> <unk> <unk> <unk> <unk> <unk> <unk> <unk> the <unk> <unk> <unk> <unk>
1000,<unk> <unk> <unk> <unk> and <unk> and <unk> <unk> and <unk> <unk> <unk> <unk> <unk>
